[27Apr2026 22:09:19.444] [main/INFO] [cpw.mods.modlauncher.Launcher/MODLAUNCHER]: ModLauncher running: args [--launchTarget, forgeserver, --fml.forgeVersion, 47.4.3, --fml.mcVersion, 1.20.1, --fml.forgeGroup, net.minecraftforge, --fml.mcpVersion, 20230612.114412, nogui]
[27Apr2026 22:09:19.448] [main/INFO] [cpw.mods.modlauncher.Launcher/MODLAUNCHER]: ModLauncher 10.0.9+10.0.9+main.dcd20f30 starting: java version 17.0.18 by Ubuntu; OS Linux arch amd64 version 6.8.0-1044-azure
[27Apr2026 22:09:19.469] [main/DEBUG] [cpw.mods.modlauncher.LaunchServiceHandler/MODLAUNCHER]: Found launch services [fmlclientdev,forgeclient,minecraft,forgegametestserverdev,fmlserveruserdev,fmlclient,fmldatauserdev,forgeserverdev,forgeserveruserdev,forgeclientdev,forgeclientuserdev,forgeserver,forgedatadev,fmlserver,fmlclientuserdev,fmlserverdev,forgedatauserdev,testharness,forgegametestserveruserdev]
[27Apr2026 22:09:19.482] [main/DEBUG] [cpw.mods.modlauncher.NameMappingServiceHandler/MODLAUNCHER]: Found naming services : [srgtomcp]
[27Apr2026 22:09:19.495] [main/DEBUG] [cpw.mods.modlauncher.LaunchPluginHandler/MODLAUNCHER]: Found launch plugins: [mixin,eventbus,slf4jfixer,object_holder_definalize,runtime_enum_extender,capability_token_subclass,accesstransformer,runtimedistcleaner]
[27Apr2026 22:09:19.503] [main/DEBUG] [cpw.mods.modlauncher.TransformationServicesHandler/MODLAUNCHER]: Discovering transformation services
[27Apr2026 22:09:19.508] [main/DEBUG] [net.minecraftforge.fml.loading.FMLPaths/CORE]: Path GAMEDIR is /workspaces/improved-giggle/servidor_minecraft
[27Apr2026 22:09:19.509] [main/DEBUG] [net.minecraftforge.fml.loading.FMLPaths/CORE]: Path MODSDIR is /workspaces/improved-giggle/servidor_minecraft/mods
[27Apr2026 22:09:19.509] [main/DEBUG] [net.minecraftforge.fml.loading.FMLPaths/CORE]: Path CONFIGDIR is /workspaces/improved-giggle/servidor_minecraft/config
[27Apr2026 22:09:19.509] [main/DEBUG] [net.minecraftforge.fml.loading.FMLPaths/CORE]: Path FMLCONFIG is /workspaces/improved-giggle/servidor_minecraft/config/fml.toml
[27Apr2026 22:09:20.340] [main/DEBUG] [cpw.mods.modlauncher.TransformationServicesHandler/MODLAUNCHER]: Found additional transformation services from discovery services: [/workspaces/improved-giggle/servidor_minecraft/mods/Essential_1-3-10-4_forge_1-19-2.jar]
[27Apr2026 22:09:20.350] [main/INFO] [net.minecraftforge.fml.loading.ImmediateWindowHandler/]: ImmediateWindowProvider not loading because launch target is forgeserver
[27Apr2026 22:09:20.358] [main/DEBUG] [gg.essential.container.loader.stage0.EssentialLoader/]: Found stage1 version 10: file:/workspaces/improved-giggle/servidor_minecraft/./essential/loader/stage0/modlauncher/stage1.jar
[27Apr2026 22:09:20.359] [main/DEBUG] [gg.essential.container.loader.stage0.EssentialLoader/]: Found stage1 version 10: union:/workspaces/improved-giggle/servidor_minecraft/mods/Essential_1-3-10-4_forge_1-19-2.jar%23226!/gg/essential/loader/stage0/stage1.jar
[27Apr2026 22:09:20.367] [main/INFO] [gg.essential.loader.stage1.EssentialLoaderBase/]: Updating Essential Loader (stage2) version 1.6.6 (0e5a0c2dc3815b0a4d4626f551309cf5) from union:/workspaces/improved-giggle/servidor_minecraft/mods/Essential_1-3-10-4_forge_1-19-2.jar%23226!/essential-loader-stage2-modlauncher9-1.6.6.jar
[27Apr2026 22:09:20.372] [main/FATAL] [cpw.mods.modlauncher.TransformationServicesHandler/MODLAUNCHER]: Encountered serious error loading transformation service, expect problems
java.util.ServiceConfigurationError: cpw.mods.modlauncher.api.ITransformationService: Provider gg.essential.container.loader.stage0.EssentialTransformationService could not be instantiated
	at java.util.ServiceLoader.fail(ServiceLoader.java:586) ~[?:?]
	at java.util.ServiceLoader$ProviderImpl.newInstance(ServiceLoader.java:813) ~[?:?]
	at java.util.ServiceLoader$ProviderImpl.get(ServiceLoader.java:729) ~[?:?]
	at cpw.mods.modlauncher.util.ServiceLoaderUtils.lambda$streamWithErrorHandling$0(ServiceLoaderUtils.java:39) ~[modlauncher-10.0.9.jar%2355!/:?]
	at java.util.stream.ReferencePipeline$3$1.accept(ReferencePipeline.java:197) ~[?:?]
	at java.util.ServiceLoader$ProviderSpliterator.tryAdvance(ServiceLoader.java:1499) ~[?:?]
	at java.util.Spliterator.forEachRemaining(Spliterator.java:332) ~[?:?]
	at java.util.stream.AbstractPipeline.copyInto(AbstractPipeline.java:509) ~[?:?]
	at java.util.stream.AbstractPipeline.wrapAndCopyInto(AbstractPipeline.java:499) ~[?:?]
	at java.util.stream.ReduceOps$ReduceOp.evaluateSequential(ReduceOps.java:921) ~[?:?]
	at java.util.stream.AbstractPipeline.evaluate(AbstractPipeline.java:234) ~[?:?]
	at java.util.stream.ReferencePipeline.collect(ReferencePipeline.java:682) ~[?:?]
	at cpw.mods.modlauncher.TransformationServicesHandler.discoverServices(TransformationServicesHandler.java:133) ~[modlauncher-10.0.9.jar%2355!/:?]
	at cpw.mods.modlauncher.Launcher.run(Launcher.java:87) ~[modlauncher-10.0.9.jar%2355!/:?]
	at cpw.mods.modlauncher.Launcher.main(Launcher.java:78) ~[modlauncher-10.0.9.jar%2355!/:?]
	at cpw.mods.modlauncher.BootstrapLaunchConsumer.accept(BootstrapLaunchConsumer.java:26) ~[modlauncher-10.0.9.jar%2355!/:?]
	at cpw.mods.modlauncher.BootstrapLaunchConsumer.accept(BootstrapLaunchConsumer.java:23) ~[modlauncher-10.0.9.jar%2355!/:?]
	at cpw.mods.bootstraplauncher.BootstrapLauncher.main(BootstrapLauncher.java:141) ~[bootstraplauncher-1.1.2.jar:?]
Caused by: java.lang.RuntimeException: java.lang.reflect.InvocationTargetException
	at gg.essential.container.loader.stage0.EssentialTransformationServiceBase.loadStage1OrThrow(EssentialTransformationServiceBase.java:27) ~[?:?]
	at gg.essential.container.loader.stage0.EssentialTransformationServiceBase.lambda$new$0(EssentialTransformationServiceBase.java:20) ~[?:?]
	at gg.essential.container.loader.stage0.util.DelegatingTransformationServiceBase.<init>(DelegatingTransformationServiceBase.java:13) ~[?:?]
	at gg.essential.container.loader.stage0.EssentialTransformationServiceBase.<init>(EssentialTransformationServiceBase.java:20) ~[?:?]
	at gg.essential.container.loader.stage0.EssentialTransformationService.<init>(EssentialTransformationService.java:7) ~[?:?]
	at jdk.internal.reflect.NativeConstructorAccessorImpl.newInstance0(Native Method) ~[?:?]
	at jdk.internal.reflect.NativeConstructorAccessorImpl.newInstance(NativeConstructorAccessorImpl.java:77) ~[?:?]
	at jdk.internal.reflect.DelegatingConstructorAccessorImpl.newInstance(DelegatingConstructorAccessorImpl.java:45) ~[?:?]
	at java.lang.reflect.Constructor.newInstanceWithCaller(Constructor.java:500) ~[?:?]
	at java.lang.reflect.Constructor.newInstance(Constructor.java:481) ~[?:?]
	at java.util.ServiceLoader$ProviderImpl.newInstance(ServiceLoader.java:789) ~[?:?]
	... 16 more
Caused by: java.lang.reflect.InvocationTargetException
	at jdk.internal.reflect.NativeConstructorAccessorImpl.newInstance0(Native Method) ~[?:?]
	at jdk.internal.reflect.NativeConstructorAccessorImpl.newInstance(NativeConstructorAccessorImpl.java:77) ~[?:?]
	at jdk.internal.reflect.DelegatingConstructorAccessorImpl.newInstance(DelegatingConstructorAccessorImpl.java:45) ~[?:?]
	at java.lang.reflect.Constructor.newInstanceWithCaller(Constructor.java:500) ~[?:?]
	at java.lang.reflect.Constructor.newInstance(Constructor.java:481) ~[?:?]
	at gg.essential.container.loader.stage0.EssentialTransformationServiceBase.loadStage1(EssentialTransformationServiceBase.java:47) ~[?:?]
	at gg.essential.container.loader.stage0.EssentialTransformationServiceBase.loadStage1OrThrow(EssentialTransformationServiceBase.java:25) ~[?:?]
	at gg.essential.container.loader.stage0.EssentialTransformationServiceBase.lambda$new$0(EssentialTransformationServiceBase.java:20) ~[?:?]
	at gg.essential.container.loader.stage0.util.DelegatingTransformationServiceBase.<init>(DelegatingTransformationServiceBase.java:13) ~[?:?]
	at gg.essential.container.loader.stage0.EssentialTransformationServiceBase.<init>(EssentialTransformationServiceBase.java:20) ~[?:?]
	at gg.essential.container.loader.stage0.EssentialTransformationService.<init>(EssentialTransformationService.java:7) ~[?:?]
	at jdk.internal.reflect.NativeConstructorAccessorImpl.newInstance0(Native Method) ~[?:?]
	at jdk.internal.reflect.NativeConstructorAccessorImpl.newInstance(NativeConstructorAccessorImpl.java:77) ~[?:?]
	at jdk.internal.reflect.DelegatingConstructorAccessorImpl.newInstance(DelegatingConstructorAccessorImpl.java:45) ~[?:?]
	at java.lang.reflect.Constructor.newInstanceWithCaller(Constructor.java:500) ~[?:?]
	at java.lang.reflect.Constructor.newInstance(Constructor.java:481) ~[?:?]
	at java.util.ServiceLoader$ProviderImpl.newInstance(ServiceLoader.java:789) ~[?:?]
	... 16 more
Caused by: java.lang.NoClassDefFoundError: org/apache/commons/codec/digest/DigestUtils
	at gg.essential.loader.stage1.EssentialLoaderBase.getChecksum(EssentialLoaderBase.java:356) ~[?:?]
	at gg.essential.loader.stage1.EssentialLoaderBase.downloadFile(EssentialLoaderBase.java:473) ~[?:?]
	at gg.essential.loader.stage1.EssentialLoaderBase.doDownload(EssentialLoaderBase.java:326) ~[?:?]
	at gg.essential.loader.stage1.EssentialLoaderBase.load(EssentialLoaderBase.java:176) ~[?:?]
	at gg.essential.loader.stage1.EssentialTransformationServiceBase.<init>(EssentialTransformationServiceBase.java:46) ~[?:?]
	at gg.essential.loader.stage1.EssentialTransformationService.<init>(EssentialTransformationService.java:28) ~[?:?]
	at jdk.internal.reflect.NativeConstructorAccessorImpl.newInstance0(Native Method) ~[?:?]
	at jdk.internal.reflect.NativeConstructorAccessorImpl.newInstance(NativeConstructorAccessorImpl.java:77) ~[?:?]
	at jdk.internal.reflect.DelegatingConstructorAccessorImpl.newInstance(DelegatingConstructorAccessorImpl.java:45) ~[?:?]
	at java.lang.reflect.Constructor.newInstanceWithCaller(Constructor.java:500) ~[?:?]
	at java.lang.reflect.Constructor.newInstance(Constructor.java:481) ~[?:?]
	at gg.essential.container.loader.stage0.EssentialTransformationServiceBase.loadStage1(EssentialTransformationServiceBase.java:47) ~[?:?]
	at gg.essential.container.loader.stage0.EssentialTransformationServiceBase.loadStage1OrThrow(EssentialTransformationServiceBase.java:25) ~[?:?]
	at gg.essential.container.loader.stage0.EssentialTransformationServiceBase.lambda$new$0(EssentialTransformationServiceBase.java:20) ~[?:?]
	at gg.essential.container.loader.stage0.util.DelegatingTransformationServiceBase.<init>(DelegatingTransformationServiceBase.java:13) ~[?:?]
	at gg.essential.container.loader.stage0.EssentialTransformationServiceBase.<init>(EssentialTransformationServiceBase.java:20) ~[?:?]
	at gg.essential.container.loader.stage0.EssentialTransformationService.<init>(EssentialTransformationService.java:7) ~[?:?]
	at jdk.internal.reflect.NativeConstructorAccessorImpl.newInstance0(Native Method) ~[?:?]
	at jdk.internal.reflect.NativeConstructorAccessorImpl.newInstance(NativeConstructorAccessorImpl.java:77) ~[?:?]
	at jdk.internal.reflect.DelegatingConstructorAccessorImpl.newInstance(DelegatingConstructorAccessorImpl.java:45) ~[?:?]
	at java.lang.reflect.Constructor.newInstanceWithCaller(Constructor.java:500) ~[?:?]
	at java.lang.reflect.Constructor.newInstance(Constructor.java:481) ~[?:?]
	at java.util.ServiceLoader$ProviderImpl.newInstance(ServiceLoader.java:789) ~[?:?]
	... 16 more
Caused by: java.lang.ClassNotFoundException: org.apache.commons.codec.digest.DigestUtils
	at java.net.URLClassLoader.findClass(URLClassLoader.java:445) ~[?:?]
	at java.lang.ClassLoader.loadClass(ClassLoader.java:592) ~[?:?]
	at java.lang.ClassLoader.loadClass(ClassLoader.java:525) ~[?:?]
	at gg.essential.loader.stage1.EssentialLoaderBase.getChecksum(EssentialLoaderBase.java:356) ~[?:?]
	at gg.essential.loader.stage1.EssentialLoaderBase.downloadFile(EssentialLoaderBase.java:473) ~[?:?]
	at gg.essential.loader.stage1.EssentialLoaderBase.doDownload(EssentialLoaderBase.java:326) ~[?:?]
	at gg.essential.loader.stage1.EssentialLoaderBase.load(EssentialLoaderBase.java:176) ~[?:?]
	at gg.essential.loader.stage1.EssentialTransformationServiceBase.<init>(EssentialTransformationServiceBase.java:46) ~[?:?]
	at gg.essential.loader.stage1.EssentialTransformationService.<init>(EssentialTransformationService.java:28) ~[?:?]
	at jdk.internal.reflect.NativeConstructorAccessorImpl.newInstance0(Native Method) ~[?:?]
	at jdk.internal.reflect.NativeConstructorAccessorImpl.newInstance(NativeConstructorAccessorImpl.java:77) ~[?:?]
	at jdk.internal.reflect.DelegatingConstructorAccessorImpl.newInstance(DelegatingConstructorAccessorImpl.java:45) ~[?:?]
	at java.lang.reflect.Constructor.newInstanceWithCaller(Constructor.java:500) ~[?:?]
	at java.lang.reflect.Constructor.newInstance(Constructor.java:481) ~[?:?]
	at gg.essential.container.loader.stage0.EssentialTransformationServiceBase.loadStage1(EssentialTransformationServiceBase.java:47) ~[?:?]
	at gg.essential.container.loader.stage0.EssentialTransformationServiceBase.loadStage1OrThrow(EssentialTransformationServiceBase.java:25) ~[?:?]
	at gg.essential.container.loader.stage0.EssentialTransformationServiceBase.lambda$new$0(EssentialTransformationServiceBase.java:20) ~[?:?]
	at gg.essential.container.loader.stage0.util.DelegatingTransformationServiceBase.<init>(DelegatingTransformationServiceBase.java:13) ~[?:?]
	at gg.essential.container.loader.stage0.EssentialTransformationServiceBase.<init>(EssentialTransformationServiceBase.java:20) ~[?:?]
	at gg.essential.container.loader.stage0.EssentialTransformationService.<init>(EssentialTransformationService.java:7) ~[?:?]
	at jdk.internal.reflect.NativeConstructorAccessorImpl.newInstance0(Native Method) ~[?:?]
	at jdk.internal.reflect.NativeConstructorAccessorImpl.newInstance(NativeConstructorAccessorImpl.java:77) ~[?:?]
	at jdk.internal.reflect.DelegatingConstructorAccessorImpl.newInstance(DelegatingConstructorAccessorImpl.java:45) ~[?:?]
	at java.lang.reflect.Constructor.newInstanceWithCaller(Constructor.java:500) ~[?:?]
	at java.lang.reflect.Constructor.newInstance(Constructor.java:481) ~[?:?]
	at java.util.ServiceLoader$ProviderImpl.newInstance(ServiceLoader.java:789) ~[?:?]
	... 16 more
[27Apr2026 22:09:20.393] [main/DEBUG] [cpw.mods.modlauncher.TransformationServicesHandler/MODLAUNCHER]: Found transformer services : [mixin,fml]
[27Apr2026 22:09:20.393] [main/DEBUG] [cpw.mods.modlauncher.TransformationServicesHandler/MODLAUNCHER]: Transformation services loading
[27Apr2026 22:09:20.394] [main/DEBUG] [cpw.mods.modlauncher.TransformationServiceDecorator/MODLAUNCHER]: Loading service mixin
[27Apr2026 22:09:20.394] [main/DEBUG] [cpw.mods.modlauncher.TransformationServiceDecorator/MODLAUNCHER]: Loaded service mixin
[27Apr2026 22:09:20.394] [main/DEBUG] [cpw.mods.modlauncher.TransformationServiceDecorator/MODLAUNCHER]: Loading service fml
[27Apr2026 22:09:20.395] [main/DEBUG] [net.minecraftforge.fml.loading.LauncherVersion/CORE]: Found FMLLauncher version 1.0
[27Apr2026 22:09:20.396] [main/DEBUG] [net.minecraftforge.fml.loading.FMLLoader/CORE]: FML 1.0 loading
[27Apr2026 22:09:20.396] [main/DEBUG] [net.minecraftforge.fml.loading.FMLLoader/CORE]: FML found ModLauncher version : 10.0.9+10.0.9+main.dcd20f30
[27Apr2026 22:09:20.396] [main/DEBUG] [net.minecraftforge.fml.loading.FMLLoader/CORE]: Requesting CoreMods to not apply the fix for ASMAPI.findFirstInstructionBefore by default
[27Apr2026 22:09:20.396] [main/DEBUG] [net.minecraftforge.fml.loading.FMLLoader/CORE]: FML found AccessTransformer version : 8.0.4+66+master.c09db6d7
[27Apr2026 22:09:20.397] [main/DEBUG] [net.minecraftforge.fml.loading.FMLLoader/CORE]: FML found EventBus version : 6.0.5+6.0.5+master.eb8e549b
[27Apr2026 22:09:20.397] [main/DEBUG] [net.minecraftforge.fml.loading.FMLLoader/CORE]: Found Runtime Dist Cleaner
[27Apr2026 22:09:20.399] [main/DEBUG] [net.minecraftforge.coremod.CoreModEngine/]: CoreMods will preserve legacy behavior of ASMAPI.findFirstInstructionBefore for backwards-compatibility
[27Apr2026 22:09:20.399] [main/DEBUG] [net.minecraftforge.fml.loading.FMLLoader/CORE]: FML found CoreMod version : 5.2.4
[27Apr2026 22:09:20.402] [main/DEBUG] [net.minecraftforge.fml.loading.FMLLoader/CORE]: Found ForgeSPI package implementation version 7.0.1+7.0.1+master.d2b38bf6
[27Apr2026 22:09:20.404] [main/DEBUG] [net.minecraftforge.fml.loading.FMLLoader/CORE]: Found ForgeSPI package specification 5
[27Apr2026 22:09:20.404] [main/DEBUG] [cpw.mods.modlauncher.TransformationServiceDecorator/MODLAUNCHER]: Loaded service fml
[27Apr2026 22:09:20.405] [main/DEBUG] [cpw.mods.modlauncher.TransformationServicesHandler/MODLAUNCHER]: Configuring option handling for services
[27Apr2026 22:09:20.413] [main/DEBUG] [cpw.mods.modlauncher.TransformationServicesHandler/MODLAUNCHER]: Transformation services initializing
[27Apr2026 22:09:20.414] [main/DEBUG] [cpw.mods.modlauncher.TransformationServiceDecorator/MODLAUNCHER]: Initializing transformation service mixin
[27Apr2026 22:09:20.428] [main/DEBUG] [mixin/]: MixinService [ModLauncher] was successfully booted in cpw.mods.cl.ModuleClassLoader@7a3d45bd
[27Apr2026 22:09:20.444] [main/INFO] [mixin/]: SpongePowered MIXIN Subsystem Version=0.8.5 Source=union:/workspaces/improved-giggle/servidor_minecraft/libraries/org/spongepowered/mixin/0.8.5/mixin-0.8.5.jar%2365!/ Service=ModLauncher Env=SERVER
[27Apr2026 22:09:20.448] [main/DEBUG] [mixin/]: Initialising Mixin Platform Manager
[27Apr2026 22:09:20.448] [main/DEBUG] [mixin/]: Adding mixin platform agents for container ModLauncher Root Container(ModLauncher:4f56a0a2)
[27Apr2026 22:09:20.449] [main/DEBUG] [mixin/]: Instancing new MixinPlatformAgentMinecraftForge for ModLauncher Root Container(ModLauncher:4f56a0a2)
[27Apr2026 22:09:20.449] [main/DEBUG] [mixin/]: MixinPlatformAgentMinecraftForge rejected container ModLauncher Root Container(ModLauncher:4f56a0a2)
[27Apr2026 22:09:20.450] [main/DEBUG] [mixin/]: Instancing new MixinPlatformAgentDefault for ModLauncher Root Container(ModLauncher:4f56a0a2)
[27Apr2026 22:09:20.450] [main/DEBUG] [mixin/]: MixinPlatformAgentDefault accepted container ModLauncher Root Container(ModLauncher:4f56a0a2)
[27Apr2026 22:09:20.452] [main/DEBUG] [cpw.mods.modlauncher.TransformationServiceDecorator/MODLAUNCHER]: Initialized transformation service mixin
[27Apr2026 22:09:20.453] [main/DEBUG] [cpw.mods.modlauncher.TransformationServiceDecorator/MODLAUNCHER]: Initializing transformation service fml
[27Apr2026 22:09:20.453] [main/DEBUG] [net.minecraftforge.fml.loading.FMLServiceProvider/CORE]: Setting up basic FML game directories
[27Apr2026 22:09:20.453] [main/DEBUG] [net.minecraftforge.fml.loading.FMLPaths/CORE]: Path GAMEDIR is /workspaces/improved-giggle/servidor_minecraft
[27Apr2026 22:09:20.453] [main/DEBUG] [net.minecraftforge.fml.loading.FMLPaths/CORE]: Path MODSDIR is /workspaces/improved-giggle/servidor_minecraft/mods
[27Apr2026 22:09:20.454] [main/DEBUG] [net.minecraftforge.fml.loading.FMLPaths/CORE]: Path CONFIGDIR is /workspaces/improved-giggle/servidor_minecraft/config
[27Apr2026 22:09:20.454] [main/DEBUG] [net.minecraftforge.fml.loading.FMLPaths/CORE]: Path FMLCONFIG is /workspaces/improved-giggle/servidor_minecraft/config/fml.toml
[27Apr2026 22:09:20.454] [main/DEBUG] [net.minecraftforge.fml.loading.FMLServiceProvider/CORE]: Loading configuration
[27Apr2026 22:09:20.456] [main/DEBUG] [net.minecraftforge.fml.loading.FMLServiceProvider/CORE]: Preparing ModFile
[27Apr2026 22:09:20.459] [main/DEBUG] [net.minecraftforge.fml.loading.FMLServiceProvider/CORE]: Preparing launch handler
[27Apr2026 22:09:20.460] [main/DEBUG] [net.minecraftforge.fml.loading.FMLLoader/CORE]: Using forgeserver as launch service
[27Apr2026 22:09:20.472] [main/DEBUG] [net.minecraftforge.fml.loading.FMLLoader/CORE]: Received command line version data  : VersionInfo[forgeVersion=47.4.3, mcVersion=1.20.1, mcpVersion=20230612.114412, forgeGroup=net.minecraftforge]
[27Apr2026 22:09:20.474] [main/DEBUG] [cpw.mods.modlauncher.TransformationServiceDecorator/MODLAUNCHER]: Initialized transformation service fml
[27Apr2026 22:09:20.474] [main/DEBUG] [cpw.mods.modlauncher.NameMappingServiceHandler/MODLAUNCHER]: Current naming domain is 'srg'
[27Apr2026 22:09:20.475] [main/DEBUG] [cpw.mods.modlauncher.NameMappingServiceHandler/MODLAUNCHER]: Identified name mapping providers {}
[27Apr2026 22:09:20.475] [main/DEBUG] [cpw.mods.modlauncher.TransformationServicesHandler/MODLAUNCHER]: Transformation services begin scanning
[27Apr2026 22:09:20.476] [main/DEBUG] [cpw.mods.modlauncher.TransformationServiceDecorator/MODLAUNCHER]: Beginning scan trigger - transformation service mixin
[27Apr2026 22:09:20.476] [main/DEBUG] [cpw.mods.modlauncher.TransformationServiceDecorator/MODLAUNCHER]: End scan trigger - transformation service mixin
[27Apr2026 22:09:20.476] [main/DEBUG] [cpw.mods.modlauncher.TransformationServiceDecorator/MODLAUNCHER]: Beginning scan trigger - transformation service fml
[27Apr2026 22:09:20.477] [main/DEBUG] [net.minecraftforge.fml.loading.FMLServiceProvider/CORE]: Initiating mod scan
[27Apr2026 22:09:20.487] [main/DEBUG] [net.minecraftforge.fml.loading.moddiscovery.ModListHandler/CORE]: Found mod coordinates from lists: []
[27Apr2026 22:09:20.490] [main/DEBUG] [net.minecraftforge.fml.loading.moddiscovery.ModDiscoverer/CORE]: Found Mod Locators : (mods folder:null),(maven libs:null),(exploded directory:null),(minecraft:null),(userdev classpath:null)
[27Apr2026 22:09:20.490] [main/DEBUG] [net.minecraftforge.fml.loading.moddiscovery.ModDiscoverer/CORE]: Found Dependency Locators : (JarInJar:null)
[27Apr2026 22:09:20.500] [main/DEBUG] [net.minecraftforge.fml.loading.moddiscovery.ModFileParser/LOADING]: Considering mod file candidate /workspaces/improved-giggle/servidor_minecraft/mods/AmbientSounds_FORGE_v5.3.9_mc1.19.2.jar
[27Apr2026 22:09:20.539] [main/DEBUG] [net.minecraftforge.fml.loading.moddiscovery.ModFileInfo/LOADING]: Found valid mod file AmbientSounds_FORGE_v5.3.9_mc1.19.2.jar with {ambientsounds} mods - versions {5.3.9}
[27Apr2026 22:09:20.541] [main/DEBUG] [net.minecraftforge.fml.loading.moddiscovery.ModFileParser/LOADING]: Considering mod file candidate /workspaces/improved-giggle/servidor_minecraft/mods/anomaly_rephased-2.0.0b30-forge-1.19.2.jar
[27Apr2026 22:09:20.542] [main/DEBUG] [net.minecraftforge.fml.loading.moddiscovery.ModFileInfo/LOADING]: Found valid mod file anomaly_rephased-2.0.0b30-forge-1.19.2.jar with {anomaly_rephased} mods - versions {2.0.030}
[27Apr2026 22:09:20.543] [main/DEBUG] [net.minecraftforge.fml.loading.moddiscovery.ModFileParser/LOADING]: Considering mod file candidate /workspaces/improved-giggle/servidor_minecraft/mods/appleskin-forge-mc1.19-2.4.2.jar
[27Apr2026 22:09:20.546] [main/DEBUG] [net.minecraftforge.fml.loading.moddiscovery.ModFileInfo/LOADING]: Found valid mod file appleskin-forge-mc1.19-2.4.2.jar with {appleskin} mods - versions {2.4.2+mc1.19}
[27Apr2026 22:09:20.547] [main/DEBUG] [net.minecraftforge.fml.loading.moddiscovery.ModFileParser/LOADING]: Considering mod file candidate /workspaces/improved-giggle/servidor_minecraft/mods/Arrenek's Lookout Towers 1.0.jar
[27Apr2026 22:09:20.548] [main/DEBUG] [net.minecraftforge.fml.loading.moddiscovery.ModFileInfo/LOADING]: Found valid mod file Arrenek's Lookout Towers 1.0.jar with {arrens_lookout_towers} mods - versions {1.0.0}
[27Apr2026 22:09:20.550] [main/DEBUG] [net.minecraftforge.fml.loading.moddiscovery.ModFileParser/LOADING]: Considering mod file candidate /workspaces/improved-giggle/servidor_minecraft/mods/AssimilatorV3.1-By-Smoreh.jar
[27Apr2026 22:09:20.551] [main/DEBUG] [net.minecraftforge.fml.loading.moddiscovery.ModFileInfo/LOADING]: Found valid mod file AssimilatorV3.1-By-Smoreh.jar with {assimilator} mods - versions {1.7.0}
[27Apr2026 22:09:20.552] [main/DEBUG] [net.minecraftforge.fml.loading.moddiscovery.ModFileParser/LOADING]: Considering mod file candidate /workspaces/improved-giggle/servidor_minecraft/mods/auditory-0.0.5-1.19.2.jar
[27Apr2026 22:09:20.554] [main/DEBUG] [net.minecraftforge.fml.loading.moddiscovery.ModFileInfo/LOADING]: Found valid mod file auditory-0.0.5-1.19.2.jar with {auditory} mods - versions {0.0.5-1.19.2}
[27Apr2026 22:09:20.555] [main/DEBUG] [net.minecraftforge.fml.loading.moddiscovery.ModFileParser/LOADING]: Considering mod file candidate /workspaces/improved-giggle/servidor_minecraft/mods/BadMobs-1.19.2-16.1.3.jar
[27Apr2026 22:09:20.556] [main/DEBUG] [net.minecraftforge.fml.loading.moddiscovery.ModFileInfo/LOADING]: Found valid mod file BadMobs-1.19.2-16.1.3.jar with {badmobs} mods - versions {16.1.3}
[27Apr2026 22:09:20.564] [main/DEBUG] [net.minecraftforge.fml.loading.moddiscovery.ModFileParser/LOADING]: Considering mod file candidate /workspaces/improved-giggle/servidor_minecraft/mods/balm-forge-1.19.2-4.6.0.jar
[27Apr2026 22:09:20.566] [main/DEBUG] [net.minecraftforge.fml.loading.moddiscovery.ModFileInfo/LOADING]: Found valid mod file balm-forge-1.19.2-4.6.0.jar with {balm} mods - versions {4.6.0}
[27Apr2026 22:09:20.566] [main/DEBUG] [net.minecraftforge.fml.loading.moddiscovery.ModFileParser/LOADING]: Considering mod file candidate /workspaces/improved-giggle/servidor_minecraft/mods/Better Cave Dweller-1.19.2.jar
[27Apr2026 22:09:20.567] [main/DEBUG] [net.minecraftforge.fml.loading.moddiscovery.ModFileInfo/LOADING]: Found valid mod file Better Cave Dweller-1.19.2.jar with {cave_dweller} mods - versions {1.7.0}
[27Apr2026 22:09:20.568] [main/DEBUG] [net.minecraftforge.fml.loading.moddiscovery.ModFileParser/LOADING]: Considering mod file candidate /workspaces/improved-giggle/servidor_minecraft/mods/bettercombat-forge-1.7.1+1.19.jar
[27Apr2026 22:09:20.570] [main/DEBUG] [net.minecraftforge.fml.loading.moddiscovery.ModFileInfo/LOADING]: Found valid mod file bettercombat-forge-1.7.1+1.19.jar with {bettercombat} mods - versions {1.7.1+1.19}
[27Apr2026 22:09:20.570] [main/DEBUG] [net.minecraftforge.fml.loading.moddiscovery.ModFileParser/LOADING]: Considering mod file candidate /workspaces/improved-giggle/servidor_minecraft/mods/betterfpsdist-1.19.2-4.1.jar
[27Apr2026 22:09:20.572] [main/DEBUG] [net.minecraftforge.fml.loading.moddiscovery.ModFileInfo/LOADING]: Found valid mod file betterfpsdist-1.19.2-4.1.jar with {betterfpsdist} mods - versions {1.19.2-4.1}
[27Apr2026 22:09:20.572] [main/DEBUG] [net.minecraftforge.fml.loading.moddiscovery.ModFileParser/LOADING]: Considering mod file candidate /workspaces/improved-giggle/servidor_minecraft/mods/Beware-1.19.2-2.3.4.jar
[27Apr2026 22:09:20.573] [main/DEBUG] [net.minecraftforge.fml.loading.moddiscovery.ModFileInfo/LOADING]: Found valid mod file Beware-1.19.2-2.3.4.jar with {bwrtherain} mods - versions {2.3.4}
[27Apr2026 22:09:20.574] [main/DEBUG] [net.minecraftforge.fml.loading.moddiscovery.ModFileParser/LOADING]: Considering mod file candidate /workspaces/improved-giggle/servidor_minecraft/mods/biomemusic-1.19.2-2.2.jar
[27Apr2026 22:09:20.575] [main/DEBUG] [net.minecraftforge.fml.loading.moddiscovery.ModFileInfo/LOADING]: Found valid mod file biomemusic-1.19.2-2.2.jar with {biomemusic} mods - versions {1.19.2-2.2}
[27Apr2026 22:09:20.576] [main/DEBUG] [net.minecraftforge.fml.loading.moddiscovery.ModFileParser/LOADING]: Considering mod file candidate /workspaces/improved-giggle/servidor_minecraft/mods/biomereplacer-2.1-toad-forge.jar
[27Apr2026 22:09:20.576] [main/DEBUG] [net.minecraftforge.fml.loading.moddiscovery.ModFileInfo/LOADING]: Found valid mod file biomereplacer-2.1-toad-forge.jar with {biome_replacer} mods - versions {2.1-toad}
[27Apr2026 22:09:20.577] [main/DEBUG] [net.minecraftforge.fml.loading.moddiscovery.ModFileParser/LOADING]: Considering mod file candidate /workspaces/improved-giggle/servidor_minecraft/mods/bloodbits-2.0.1-forge-1.19.2.jar
[27Apr2026 22:09:20.578] [main/DEBUG] [net.minecraftforge.fml.loading.moddiscovery.ModFileInfo/LOADING]: Found valid mod file bloodbits-2.0.1-forge-1.19.2.jar with {bloodbits} mods - versions {2.0.1}
[27Apr2026 22:09:20.578] [main/DEBUG] [net.minecraftforge.fml.loading.moddiscovery.ModFileParser/LOADING]: Considering mod file candidate /workspaces/improved-giggle/servidor_minecraft/mods/bloodybits-1.2.1-1.19.2.jar
[27Apr2026 22:09:20.579] [main/DEBUG] [net.minecraftforge.fml.loading.moddiscovery.ModFileInfo/LOADING]: Found valid mod file bloodybits-1.2.1-1.19.2.jar with {bloodybits} mods - versions {1.2.1-1.19.2}
[27Apr2026 22:09:20.580] [main/DEBUG] [net.minecraftforge.fml.loading.moddiscovery.ModFileParser/LOADING]: Considering mod file candidate /workspaces/improved-giggle/servidor_minecraft/mods/blur-forge-3.1.1+mc1.19.2.jar
[27Apr2026 22:09:20.580] [main/DEBUG] [net.minecraftforge.fml.loading.moddiscovery.ModFileInfo/LOADING]: Found valid mod file blur-forge-3.1.1+mc1.19.2.jar with {blur} mods - versions {3.1.1+mc1.19.2}
[27Apr2026 22:09:20.581] [main/DEBUG] [net.minecraftforge.fml.loading.moddiscovery.ModFileParser/LOADING]: Considering mod file candidate /workspaces/improved-giggle/servidor_minecraft/mods/BorderlessWindow-1.19.1-1.5.2.jar
[27Apr2026 22:09:20.582] [main/DEBUG] [net.minecraftforge.fml.loading.moddiscovery.ModFileInfo/LOADING]: Found valid mod file BorderlessWindow-1.19.1-1.5.2.jar with {borderlesswindow} mods - versions {1.19.1-1.5.2}
[27Apr2026 22:09:20.582] [main/DEBUG] [net.minecraftforge.fml.loading.moddiscovery.ModFileParser/LOADING]: Considering mod file candidate /workspaces/improved-giggle/servidor_minecraft/mods/CameraOverhaul-v2.0.5-forge+mc[1.19.0-1.19.2].jar
[27Apr2026 22:09:20.583] [main/DEBUG] [net.minecraftforge.fml.loading.moddiscovery.ModFileInfo/LOADING]: Found valid mod file CameraOverhaul-v2.0.5-forge+mc[1.19.0-1.19.2].jar with {cameraoverhaul} mods - versions {2.0.5-forge+mc.1.19.0-1.19.2}
[27Apr2026 22:09:20.584] [main/DEBUG] [net.minecraftforge.fml.loading.moddiscovery.ModFileParser/LOADING]: Considering mod file candidate /workspaces/improved-giggle/servidor_minecraft/mods/carryon-forge-1.19.2-2.1.2.23.jar
[27Apr2026 22:09:20.585] [main/DEBUG] [net.minecraftforge.fml.loading.moddiscovery.ModFileInfo/LOADING]: Found valid mod file carryon-forge-1.19.2-2.1.2.23.jar with {carryon} mods - versions {2.1.2.23}
[27Apr2026 22:09:20.586] [main/DEBUG] [net.minecraftforge.fml.loading.moddiscovery.ModFileParser/LOADING]: Considering mod file candidate /workspaces/improved-giggle/servidor_minecraft/mods/cloth-config-8.3.134-forge.jar
[27Apr2026 22:09:20.587] [main/DEBUG] [net.minecraftforge.fml.loading.moddiscovery.ModFileInfo/LOADING]: Found valid mod file cloth-config-8.3.134-forge.jar with {cloth_config} mods - versions {8.3.134}
[27Apr2026 22:09:20.587] [main/DEBUG] [net.minecraftforge.fml.loading.moddiscovery.ModFileParser/LOADING]: Considering mod file candidate /workspaces/improved-giggle/servidor_minecraft/mods/Clumps-forge-1.19.2-9.0.0+14.jar
[27Apr2026 22:09:20.588] [main/DEBUG] [net.minecraftforge.fml.loading.moddiscovery.ModFileInfo/LOADING]: Found valid mod file Clumps-forge-1.19.2-9.0.0+14.jar with {clumps} mods - versions {9.0.0+14}
[27Apr2026 22:09:20.589] [main/DEBUG] [net.minecraftforge.fml.loading.moddiscovery.ModFileParser/LOADING]: Considering mod file candidate /workspaces/improved-giggle/servidor_minecraft/mods/collective-1.19.2-7.64.jar
[27Apr2026 22:09:20.589] [main/DEBUG] [net.minecraftforge.fml.loading.moddiscovery.ModFileInfo/LOADING]: Found valid mod file collective-1.19.2-7.64.jar with {collective} mods - versions {7.64}
[27Apr2026 22:09:20.590] [main/DEBUG] [net.minecraftforge.fml.loading.moddiscovery.ModFileParser/LOADING]: Considering mod file candidate /workspaces/improved-giggle/servidor_minecraft/mods/configured-2.1.1-1.19.2.jar
[27Apr2026 22:09:20.591] [main/DEBUG] [net.minecraftforge.fml.loading.moddiscovery.ModFileInfo/LOADING]: Found valid mod file configured-2.1.1-1.19.2.jar with {configured} mods - versions {2.1.1}
[27Apr2026 22:09:20.593] [main/DEBUG] [net.minecraftforge.fml.loading.moddiscovery.ModFileParser/LOADING]: Considering mod file candidate /workspaces/improved-giggle/servidor_minecraft/mods/connectedness-2.0.1a.jar
[27Apr2026 22:09:20.594] [main/DEBUG] [net.minecraftforge.fml.loading.moddiscovery.ModFileInfo/LOADING]: Found valid mod file connectedness-2.0.1a.jar with {connectedness} mods - versions {2.0.1a}
[27Apr2026 22:09:20.594] [main/DEBUG] [net.minecraftforge.fml.loading.moddiscovery.ModFileParser/LOADING]: Considering mod file candidate /workspaces/improved-giggle/servidor_minecraft/mods/corpse-forge-1.19.2-1.0.17.jar
[27Apr2026 22:09:20.595] [main/DEBUG] [net.minecraftforge.fml.loading.moddiscovery.ModFileInfo/LOADING]: Found valid mod file corpse-forge-1.19.2-1.0.17.jar with {corpse} mods - versions {1.19.2-1.0.17}
[27Apr2026 22:09:20.597] [main/DEBUG] [net.minecraftforge.fml.loading.moddiscovery.ModFileParser/LOADING]: Considering mod file candidate /workspaces/improved-giggle/servidor_minecraft/mods/CraftTweaker-forge-1.19.2-10.1.56.jar
[27Apr2026 22:09:20.598] [main/DEBUG] [net.minecraftforge.fml.loading.moddiscovery.ModFileInfo/LOADING]: Found valid mod file CraftTweaker-forge-1.19.2-10.1.56.jar with {crafttweaker} mods - versions {10.1.56}
[27Apr2026 22:09:20.599] [main/DEBUG] [net.minecraftforge.fml.loading.moddiscovery.ModFileParser/LOADING]: Considering mod file candidate /workspaces/improved-giggle/servidor_minecraft/mods/CreativeCore_FORGE_v2.11.28_mc1.19.2.jar
[27Apr2026 22:09:20.599] [main/DEBUG] [net.minecraftforge.fml.loading.moddiscovery.ModFileInfo/LOADING]: Found valid mod file CreativeCore_FORGE_v2.11.28_mc1.19.2.jar with {creativecore} mods - versions {2.11.28}
[27Apr2026 22:09:20.600] [main/DEBUG] [net.minecraftforge.fml.loading.moddiscovery.ModFileParser/LOADING]: Considering mod file candidate /workspaces/improved-giggle/servidor_minecraft/mods/CullLessLeaves-Reforged-1.0.5.jar
[27Apr2026 22:09:20.601] [main/DEBUG] [net.minecraftforge.fml.loading.moddiscovery.ModFileInfo/LOADING]: Found valid mod file CullLessLeaves-Reforged-1.0.5.jar with {culllessleaves} mods - versions {1.0.5}
[27Apr2026 22:09:20.601] [main/DEBUG] [net.minecraftforge.fml.loading.moddiscovery.ModFileParser/LOADING]: Considering mod file candidate /workspaces/improved-giggle/servidor_minecraft/mods/cupboard-1.19.2-2.6.jar
[27Apr2026 22:09:20.602] [main/DEBUG] [net.minecraftforge.fml.loading.moddiscovery.ModFileInfo/LOADING]: Found valid mod file cupboard-1.19.2-2.6.jar with {cupboard} mods - versions {1.19.2-2.6}
[27Apr2026 22:09:20.603] [main/DEBUG] [net.minecraftforge.fml.loading.moddiscovery.ModFileParser/LOADING]: Considering mod file candidate /workspaces/improved-giggle/servidor_minecraft/mods/darkness-forge-mc119-2.0.101.jar
[27Apr2026 22:09:20.604] [main/DEBUG] [net.minecraftforge.fml.loading.moddiscovery.ModFileInfo/LOADING]: Found valid mod file darkness-forge-mc119-2.0.101.jar with {darkness} mods - versions {2.0.101}
[27Apr2026 22:09:20.604] [main/DEBUG] [net.minecraftforge.fml.loading.moddiscovery.ModFileParser/LOADING]: Considering mod file candidate /workspaces/improved-giggle/servidor_minecraft/mods/defaultoptions-forge-1.19-15.0.2.jar
[27Apr2026 22:09:20.605] [main/DEBUG] [net.minecraftforge.fml.loading.moddiscovery.ModFileInfo/LOADING]: Found valid mod file defaultoptions-forge-1.19-15.0.2.jar with {defaultoptions} mods - versions {15.0.2}
[27Apr2026 22:09:20.605] [main/DEBUG] [net.minecraftforge.fml.loading.moddiscovery.ModFileParser/LOADING]: Considering mod file candidate /workspaces/improved-giggle/servidor_minecraft/mods/drippyloadingscreen_forge_3.0.12_MC_1.19.2.jar
[27Apr2026 22:09:20.606] [main/DEBUG] [net.minecraftforge.fml.loading.moddiscovery.ModFileInfo/LOADING]: Found valid mod file drippyloadingscreen_forge_3.0.12_MC_1.19.2.jar with {drippyloadingscreen} mods - versions {3.0.12}
[27Apr2026 22:09:20.607] [main/DEBUG] [net.minecraftforge.fml.loading.moddiscovery.ModFileParser/LOADING]: Considering mod file candidate /workspaces/improved-giggle/servidor_minecraft/mods/dynamiclightsreforged-1.19.2_v1.4.0.jar
[27Apr2026 22:09:20.607] [main/DEBUG] [net.minecraftforge.fml.loading.moddiscovery.ModFileInfo/LOADING]: Found valid mod file dynamiclightsreforged-1.19.2_v1.4.0.jar with {dynamiclightsreforged} mods - versions {1.19.2_v1.4.0}
[27Apr2026 22:09:20.608] [main/DEBUG] [net.minecraftforge.fml.loading.moddiscovery.ModFileParser/LOADING]: Considering mod file candidate /workspaces/improved-giggle/servidor_minecraft/mods/EasySaplings-1.19.2-1.0.7-[FORGE].jar
[27Apr2026 22:09:20.609] [main/DEBUG] [net.minecraftforge.fml.loading.moddiscovery.ModFileInfo/LOADING]: Found valid mod file EasySaplings-1.19.2-1.0.7-[FORGE].jar with {easysaplings} mods - versions {1.0.7-[FORGE]}
[27Apr2026 22:09:20.609] [main/DEBUG] [net.minecraftforge.fml.loading.moddiscovery.ModFileParser/LOADING]: Considering mod file candidate /workspaces/improved-giggle/servidor_minecraft/mods/editmobdrops-1.19.2-1.4.1.jar
[27Apr2026 22:09:20.609] [main/DEBUG] [net.minecraftforge.fml.loading.moddiscovery.ModFileInfo/LOADING]: Found valid mod file editmobdrops-1.19.2-1.4.1.jar with {editmobdrops} mods - versions {1.4.1}
[27Apr2026 22:09:20.610] [main/DEBUG] [net.minecraftforge.fml.loading.moddiscovery.ModFileParser/LOADING]: Considering mod file candidate /workspaces/improved-giggle/servidor_minecraft/mods/effective_fg-1.3.4.jar
[27Apr2026 22:09:20.611] [main/DEBUG] [net.minecraftforge.fml.loading.moddiscovery.ModFileInfo/LOADING]: Found valid mod file effective_fg-1.3.4.jar with {effective_fg} mods - versions {1.3.4}
[27Apr2026 22:09:20.611] [main/DEBUG] [net.minecraftforge.fml.loading.moddiscovery.ModFileParser/LOADING]: Considering mod file candidate /workspaces/improved-giggle/servidor_minecraft/mods/EnhancedVisuals_FORGE_v1.5.11_mc1.19.2.jar
[27Apr2026 22:09:20.612] [main/DEBUG] [net.minecraftforge.fml.loading.moddiscovery.ModFileInfo/LOADING]: Found valid mod file EnhancedVisuals_FORGE_v1.5.11_mc1.19.2.jar with {enhancedvisuals} mods - versions {1.5.11}
[27Apr2026 22:09:20.613] [main/DEBUG] [net.minecraftforge.fml.loading.moddiscovery.ModFileParser/LOADING]: Considering mod file candidate /workspaces/improved-giggle/servidor_minecraft/mods/entity_model_features_forge_1.19.2-2.0.2.jar
[27Apr2026 22:09:20.613] [main/DEBUG] [net.minecraftforge.fml.loading.moddiscovery.ModFileInfo/LOADING]: Found valid mod file entity_model_features_forge_1.19.2-2.0.2.jar with {entity_model_features} mods - versions {2.0.2}
[27Apr2026 22:09:20.614] [main/DEBUG] [net.minecraftforge.fml.loading.moddiscovery.ModFileParser/LOADING]: Considering mod file candidate /workspaces/improved-giggle/servidor_minecraft/mods/entity_texture_features_forge_1.19.2-6.0.1.jar
[27Apr2026 22:09:20.615] [main/DEBUG] [net.minecraftforge.fml.loading.moddiscovery.ModFileInfo/LOADING]: Found valid mod file entity_texture_features_forge_1.19.2-6.0.1.jar with {entity_texture_features} mods - versions {6.0.1}
[27Apr2026 22:09:20.615] [main/DEBUG] [net.minecraftforge.fml.loading.moddiscovery.ModFileParser/LOADING]: Considering mod file candidate /workspaces/improved-giggle/servidor_minecraft/mods/entityculling-forge-1.6.1-mc1.19.2.jar
[27Apr2026 22:09:20.616] [main/DEBUG] [net.minecraftforge.fml.loading.moddiscovery.ModFileInfo/LOADING]: Found valid mod file entityculling-forge-1.6.1-mc1.19.2.jar with {entityculling} mods - versions {1.6.1}
[27Apr2026 22:09:20.619] [main/DEBUG] [net.minecraftforge.fml.loading.moddiscovery.ModFileParser/LOADING]: Considering mod file candidate /workspaces/improved-giggle/servidor_minecraft/mods/FallingTree-1.19.2-3.10.1.jar
[27Apr2026 22:09:20.620] [main/DEBUG] [net.minecraftforge.fml.loading.moddiscovery.ModFileInfo/LOADING]: Found valid mod file FallingTree-1.19.2-3.10.1.jar with {fallingtree} mods - versions {3.10.1}
[27Apr2026 22:09:20.621] [main/DEBUG] [net.minecraftforge.fml.loading.moddiscovery.ModFileParser/LOADING]: Considering mod file candidate /workspaces/improved-giggle/servidor_minecraft/mods/fancymenu_forge_3.7.0_MC_1.19.2.jar
[27Apr2026 22:09:20.622] [main/DEBUG] [net.minecraftforge.fml.loading.moddiscovery.ModFileInfo/LOADING]: Found valid mod file fancymenu_forge_3.7.0_MC_1.19.2.jar with {fancymenu} mods - versions {3.7.0}
[27Apr2026 22:09:20.624] [main/DEBUG] [net.minecraftforge.fml.loading.moddiscovery.ModFileParser/LOADING]: Considering mod file candidate /workspaces/improved-giggle/servidor_minecraft/mods/FarmersDelight-1.19.2-1.2.4.jar
[27Apr2026 22:09:20.625] [main/DEBUG] [net.minecraftforge.fml.loading.moddiscovery.ModFileInfo/LOADING]: Found valid mod file FarmersDelight-1.19.2-1.2.4.jar with {farmersdelight} mods - versions {1.19.2-1.2.4}
[27Apr2026 22:09:20.625] [main/DEBUG] [net.minecraftforge.fml.loading.moddiscovery.ModFileParser/LOADING]: Considering mod file candidate /workspaces/improved-giggle/servidor_minecraft/mods/FarmersStructures-1.0.0-1.19.2.jar
[27Apr2026 22:09:20.626] [main/DEBUG] [net.minecraftforge.fml.loading.moddiscovery.ModFileInfo/LOADING]: Found valid mod file FarmersStructures-1.0.0-1.19.2.jar with {farmers_structures} mods - versions {1.0.0}
[27Apr2026 22:09:20.627] [main/DEBUG] [net.minecraftforge.fml.loading.moddiscovery.ModFileParser/LOADING]: Considering mod file candidate /workspaces/improved-giggle/servidor_minecraft/mods/FastLeafDecay-30.jar
[27Apr2026 22:09:20.627] [main/DEBUG] [net.minecraftforge.fml.loading.moddiscovery.ModFileInfo/LOADING]: Found valid mod file FastLeafDecay-30.jar with {fastleafdecay} mods - versions {30}
[27Apr2026 22:09:20.628] [main/DEBUG] [net.minecraftforge.fml.loading.moddiscovery.ModFileParser/LOADING]: Considering mod file candidate /workspaces/improved-giggle/servidor_minecraft/mods/Feather-To-String 1.19.2.jar
[27Apr2026 22:09:20.628] [main/DEBUG] [net.minecraftforge.fml.loading.moddiscovery.ModFileInfo/LOADING]: Found valid mod file Feather-To-String 1.19.2.jar with {feathertostring} mods - versions {1.0.0}
[27Apr2026 22:09:20.632] [main/DEBUG] [net.minecraftforge.fml.loading.moddiscovery.ModFileParser/LOADING]: Considering mod file candidate /workspaces/improved-giggle/servidor_minecraft/mods/ferritecore-5.0.3-forge.jar
[27Apr2026 22:09:20.632] [main/DEBUG] [net.minecraftforge.fml.loading.moddiscovery.ModFileInfo/LOADING]: Found valid mod file ferritecore-5.0.3-forge.jar with {ferritecore} mods - versions {5.0.3}
[27Apr2026 22:09:20.633] [main/DEBUG] [net.minecraftforge.fml.loading.moddiscovery.ModFileParser/LOADING]: Considering mod file candidate /workspaces/improved-giggle/servidor_minecraft/mods/firstperson-forge-2.5.0-mc1.19.2.jar
[27Apr2026 22:09:20.633] [main/DEBUG] [net.minecraftforge.fml.loading.moddiscovery.ModFileInfo/LOADING]: Found valid mod file firstperson-forge-2.5.0-mc1.19.2.jar with {firstperson} mods - versions {2.5.0}
[27Apr2026 22:09:20.635] [main/DEBUG] [net.minecraftforge.fml.loading.moddiscovery.ModFileParser/LOADING]: Considering mod file candidate /workspaces/improved-giggle/servidor_minecraft/mods/fragiletorches-1.19-1.0.2.jar
[27Apr2026 22:09:20.636] [main/DEBUG] [net.minecraftforge.fml.loading.moddiscovery.ModFileInfo/LOADING]: Found valid mod file fragiletorches-1.19-1.0.2.jar with {fragiletorches} mods - versions {1.19-1.0.2}
[27Apr2026 22:09:20.637] [main/DEBUG] [net.minecraftforge.fml.loading.moddiscovery.ModFileParser/LOADING]: Considering mod file candidate /workspaces/improved-giggle/servidor_minecraft/mods/geckolib-forge-1.19-3.1.40.jar
[27Apr2026 22:09:20.638] [main/DEBUG] [net.minecraftforge.fml.loading.moddiscovery.ModFileInfo/LOADING]: Found valid mod file geckolib-forge-1.19-3.1.40.jar with {geckolib3} mods - versions {3.1.40}
[27Apr2026 22:09:20.639] [main/DEBUG] [net.minecraftforge.fml.loading.moddiscovery.ModFileParser/LOADING]: Considering mod file candidate /workspaces/improved-giggle/servidor_minecraft/mods/guardvillagers-1.19.2-1.5.9.jar
[27Apr2026 22:09:20.639] [main/DEBUG] [net.minecraftforge.fml.loading.moddiscovery.ModFileInfo/LOADING]: Found valid mod file guardvillagers-1.19.2-1.5.9.jar with {guardvillagers} mods - versions {1.19.2-1.5.9}
[27Apr2026 22:09:20.640] [main/DEBUG] [net.minecraftforge.fml.loading.moddiscovery.ModFileParser/LOADING]: Considering mod file candidate /workspaces/improved-giggle/servidor_minecraft/mods/Iceberg-1.19.2-forge-1.1.4.jar
[27Apr2026 22:09:20.640] [main/DEBUG] [net.minecraftforge.fml.loading.moddiscovery.ModFileInfo/LOADING]: Found valid mod file Iceberg-1.19.2-forge-1.1.4.jar with {iceberg} mods - versions {1.1.4}
[27Apr2026 22:09:20.643] [main/DEBUG] [net.minecraftforge.fml.loading.moddiscovery.ModFileParser/LOADING]: Considering mod file candidate /workspaces/improved-giggle/servidor_minecraft/mods/immersive_weathering-1.19.2-1.2.10-forge.jar
[27Apr2026 22:09:20.644] [main/DEBUG] [net.minecraftforge.fml.loading.moddiscovery.ModFileInfo/LOADING]: Found valid mod file immersive_weathering-1.19.2-1.2.10-forge.jar with {immersive_weathering} mods - versions {1.19.2-1.2.10}
[27Apr2026 22:09:20.644] [main/DEBUG] [net.minecraftforge.fml.loading.moddiscovery.ModFileParser/LOADING]: Considering mod file candidate /workspaces/improved-giggle/servidor_minecraft/mods/increasemobcap-1.0-1.19.2.jar
[27Apr2026 22:09:20.645] [main/DEBUG] [net.minecraftforge.fml.loading.moddiscovery.ModFileInfo/LOADING]: Found valid mod file increasemobcap-1.0-1.19.2.jar with {increasemobcap} mods - versions {1.0-1.19.2}
[27Apr2026 22:09:20.646] [main/DEBUG] [net.minecraftforge.fml.loading.moddiscovery.ModFileParser/LOADING]: Considering mod file candidate /workspaces/improved-giggle/servidor_minecraft/mods/inventorysorter-1.19.2-21.1.12.jar
[27Apr2026 22:09:20.646] [main/DEBUG] [net.minecraftforge.fml.loading.moddiscovery.ModFileInfo/LOADING]: Found valid mod file inventorysorter-1.19.2-21.1.12.jar with {inventorysorter} mods - versions {21.1.12}
[27Apr2026 22:09:20.647] [main/DEBUG] [net.minecraftforge.fml.loading.moddiscovery.ModFileParser/LOADING]: Considering mod file candidate /workspaces/improved-giggle/servidor_minecraft/mods/InvMove-0.9.3+1.19.4-Forge.jar
[27Apr2026 22:09:20.647] [main/DEBUG] [net.minecraftforge.fml.loading.moddiscovery.ModFileInfo/LOADING]: Found valid mod file InvMove-0.9.3+1.19.4-Forge.jar with {invmove} mods - versions {0.9.3}
[27Apr2026 22:09:20.648] [main/DEBUG] [net.minecraftforge.fml.loading.moddiscovery.ModFileParser/LOADING]: Considering mod file candidate /workspaces/improved-giggle/servidor_minecraft/mods/ItemPhysic_FORGE_v1.6.7_mc1.19.2.jar
[27Apr2026 22:09:20.648] [main/DEBUG] [net.minecraftforge.fml.loading.moddiscovery.ModFileInfo/LOADING]: Found valid mod file ItemPhysic_FORGE_v1.6.7_mc1.19.2.jar with {itemphysic} mods - versions {1.6.7}
[27Apr2026 22:09:20.649] [main/DEBUG] [net.minecraftforge.fml.loading.moddiscovery.ModFileParser/LOADING]: Considering mod file candidate /workspaces/improved-giggle/servidor_minecraft/mods/jei-1.19.2-forge-11.8.1.1034.jar
[27Apr2026 22:09:20.650] [main/DEBUG] [net.minecraftforge.fml.loading.moddiscovery.ModFileInfo/LOADING]: Found valid mod file jei-1.19.2-forge-11.8.1.1034.jar with {jei} mods - versions {11.8.1.1034}
[27Apr2026 22:09:20.651] [main/DEBUG] [net.minecraftforge.fml.loading.moddiscovery.ModFileParser/LOADING]: Considering mod file candidate /workspaces/improved-giggle/servidor_minecraft/mods/Kiwi-1.19.2-forge-8.3.6.jar
[27Apr2026 22:09:20.651] [main/DEBUG] [net.minecraftforge.fml.loading.moddiscovery.ModFileInfo/LOADING]: Found valid mod file Kiwi-1.19.2-forge-8.3.6.jar with {kiwi} mods - versions {8.3.6}
[27Apr2026 22:09:20.652] [main/DEBUG] [net.minecraftforge.fml.loading.moddiscovery.ModFileParser/LOADING]: Considering mod file candidate /workspaces/improved-giggle/servidor_minecraft/mods/konkrete_forge_1.8.0_MC_1.19-1.19.2.jar
[27Apr2026 22:09:20.653] [main/DEBUG] [net.minecraftforge.fml.loading.moddiscovery.ModFileInfo/LOADING]: Found valid mod file konkrete_forge_1.8.0_MC_1.19-1.19.2.jar with {konkrete} mods - versions {1.8.0}
[27Apr2026 22:09:20.653] [main/DEBUG] [net.minecraftforge.fml.loading.moddiscovery.ModFileParser/LOADING]: Considering mod file candidate /workspaces/improved-giggle/servidor_minecraft/mods/LegendaryTooltips-1.19.2-forge-1.4.0.jar
[27Apr2026 22:09:20.654] [main/DEBUG] [net.minecraftforge.fml.loading.moddiscovery.ModFileInfo/LOADING]: Found valid mod file LegendaryTooltips-1.19.2-forge-1.4.0.jar with {legendarytooltips} mods - versions {1.4.0}
[27Apr2026 22:09:20.657] [main/DEBUG] [net.minecraftforge.fml.loading.moddiscovery.ModFileParser/LOADING]: Considering mod file candidate /workspaces/improved-giggle/servidor_minecraft/mods/mcw-furniture-3.4.1-mc1.19.2forge.jar
[27Apr2026 22:09:20.657] [main/DEBUG] [net.minecraftforge.fml.loading.moddiscovery.ModFileInfo/LOADING]: Found valid mod file mcw-furniture-3.4.1-mc1.19.2forge.jar with {mcwfurnitures} mods - versions {3.4.1}
[27Apr2026 22:09:20.658] [main/DEBUG] [net.minecraftforge.fml.loading.moddiscovery.ModFileParser/LOADING]: Considering mod file candidate /workspaces/improved-giggle/servidor_minecraft/mods/melody_forge_1.0.1_MC_1.19.2.jar
[27Apr2026 22:09:20.659] [main/DEBUG] [net.minecraftforge.fml.loading.moddiscovery.ModFileInfo/LOADING]: Found valid mod file melody_forge_1.0.1_MC_1.19.2.jar with {melody} mods - versions {1.0.1}
[27Apr2026 22:09:20.659] [main/DEBUG] [net.minecraftforge.fml.loading.moddiscovery.ModFileParser/LOADING]: Considering mod file candidate /workspaces/improved-giggle/servidor_minecraft/mods/modernfix-forge-5.18.1+mc1.19.2.jar
[27Apr2026 22:09:20.660] [main/DEBUG] [net.minecraftforge.fml.loading.moddiscovery.ModFileInfo/LOADING]: Found valid mod file modernfix-forge-5.18.1+mc1.19.2.jar with {modernfix} mods - versions {5.18.1+mc1.19.2}
[27Apr2026 22:09:20.661] [main/DEBUG] [net.minecraftforge.fml.loading.moddiscovery.ModFileParser/LOADING]: Considering mod file candidate /workspaces/improved-giggle/servidor_minecraft/mods/moonlight-1.19.2-2.3.7-forge.jar
[27Apr2026 22:09:20.662] [main/DEBUG] [net.minecraftforge.fml.loading.moddiscovery.ModFileInfo/LOADING]: Found valid mod file moonlight-1.19.2-2.3.7-forge.jar with {moonlight} mods - versions {1.19.2-2.3.7}
[27Apr2026 22:09:20.662] [main/DEBUG] [net.minecraftforge.fml.loading.moddiscovery.ModFileParser/LOADING]: Considering mod file candidate /workspaces/improved-giggle/servidor_minecraft/mods/MouseTweaks-forge-mc1.19-2.23.jar
[27Apr2026 22:09:20.662] [main/DEBUG] [net.minecraftforge.fml.loading.moddiscovery.ModFileInfo/LOADING]: Found valid mod file MouseTweaks-forge-mc1.19-2.23.jar with {mousetweaks} mods - versions {2.23}
[27Apr2026 22:09:20.663] [main/DEBUG] [net.minecraftforge.fml.loading.moddiscovery.ModFileParser/LOADING]: Considering mod file candidate /workspaces/improved-giggle/servidor_minecraft/mods/MultiMine-1.19.2.5.jar
[27Apr2026 22:09:20.663] [main/DEBUG] [net.minecraftforge.fml.loading.moddiscovery.ModFileInfo/LOADING]: Found valid mod file MultiMine-1.19.2.5.jar with {multimine} mods - versions {1.19.2.5}
[27Apr2026 22:09:20.664] [main/DEBUG] [net.minecraftforge.fml.loading.moddiscovery.ModFileParser/LOADING]: Considering mod file candidate /workspaces/improved-giggle/servidor_minecraft/mods/no_f3-1.0.jar
[27Apr2026 22:09:20.665] [main/DEBUG] [net.minecraftforge.fml.loading.moddiscovery.ModFileInfo/LOADING]: Found valid mod file no_f3-1.0.jar with {no_f3} mods - versions {1.0}
[27Apr2026 22:09:20.665] [main/DEBUG] [net.minecraftforge.fml.loading.moddiscovery.ModFileParser/LOADING]: Considering mod file candidate /workspaces/improved-giggle/servidor_minecraft/mods/nonetherportal-1.2.jar
[27Apr2026 22:09:20.666] [main/DEBUG] [net.minecraftforge.fml.loading.moddiscovery.ModFileInfo/LOADING]: Found valid mod file nonetherportal-1.2.jar with {nonetherportal} mods - versions {1.2}
[27Apr2026 22:09:20.666] [main/DEBUG] [net.minecraftforge.fml.loading.moddiscovery.ModFileParser/LOADING]: Considering mod file candidate /workspaces/improved-giggle/servidor_minecraft/mods/notenoughanimations-forge-1.9.3-mc1.19.2.jar
[27Apr2026 22:09:20.667] [main/DEBUG] [net.minecraftforge.fml.loading.moddiscovery.ModFileInfo/LOADING]: Found valid mod file notenoughanimations-forge-1.9.3-mc1.19.2.jar with {notenoughanimations} mods - versions {1.9.3}
[27Apr2026 22:09:20.667] [main/DEBUG] [net.minecraftforge.fml.loading.moddiscovery.ModFileParser/LOADING]: Considering mod file candidate /workspaces/improved-giggle/servidor_minecraft/mods/notenoughcrashes-5.0.0+1.19.2-forge.jar
[27Apr2026 22:09:20.668] [main/DEBUG] [net.minecraftforge.fml.loading.moddiscovery.ModFileInfo/LOADING]: Found valid mod file notenoughcrashes-5.0.0+1.19.2-forge.jar with {notenoughcrashes} mods - versions {5.0.0+1.19.2}
[27Apr2026 22:09:20.668] [main/DEBUG] [net.minecraftforge.fml.loading.moddiscovery.ModFileParser/LOADING]: Considering mod file candidate /workspaces/improved-giggle/servidor_minecraft/mods/ObsidianUI-forge-0.2.3+mc1.19.2.jar
[27Apr2026 22:09:20.669] [main/DEBUG] [net.minecraftforge.fml.loading.moddiscovery.ModFileInfo/LOADING]: Found valid mod file ObsidianUI-forge-0.2.3+mc1.19.2.jar with {obsidianui} mods - versions {0.2.3+mc1.19.2}
[27Apr2026 22:09:20.670] [main/DEBUG] [net.minecraftforge.fml.loading.moddiscovery.ModFileParser/LOADING]: Considering mod file candidate /workspaces/improved-giggle/servidor_minecraft/mods/oculus-mc1.19.2-1.6.9a.jar
[27Apr2026 22:09:20.671] [main/DEBUG] [net.minecraftforge.fml.loading.moddiscovery.ModFileInfo/LOADING]: Found valid mod file oculus-mc1.19.2-1.6.9a.jar with {oculus} mods - versions {1.6.9a}
[27Apr2026 22:09:20.671] [main/DEBUG] [net.minecraftforge.fml.loading.moddiscovery.ModFileParser/LOADING]: Considering mod file candidate /workspaces/improved-giggle/servidor_minecraft/mods/okzoomer-forge-1.19-2.1.1.jar
[27Apr2026 22:09:20.672] [main/DEBUG] [net.minecraftforge.fml.loading.moddiscovery.ModFileInfo/LOADING]: Found valid mod file okzoomer-forge-1.19-2.1.1.jar with {okzoomer} mods - versions {2.1.1}
[27Apr2026 22:09:20.673] [main/DEBUG] [net.minecraftforge.fml.loading.moddiscovery.ModFileParser/LOADING]: Considering mod file candidate /workspaces/improved-giggle/servidor_minecraft/mods/ParCool-1.19.2-3.4.1.5.jar
[27Apr2026 22:09:20.673] [main/DEBUG] [net.minecraftforge.fml.loading.moddiscovery.ModFileInfo/LOADING]: Found valid mod file ParCool-1.19.2-3.4.1.5.jar with {parcool} mods - versions {3.4.1.5}
[27Apr2026 22:09:20.674] [main/DEBUG] [net.minecraftforge.fml.loading.moddiscovery.ModFileParser/LOADING]: Considering mod file candidate /workspaces/improved-giggle/servidor_minecraft/mods/ParCool-CompatibilityAddon-1.19.2-3.4.1.5-1.0.jar
[27Apr2026 22:09:20.675] [main/DEBUG] [net.minecraftforge.fml.loading.moddiscovery.ModFileInfo/LOADING]: Found valid mod file ParCool-CompatibilityAddon-1.19.2-3.4.1.5-1.0.jar with {parcool_compat_addon} mods - versions {1.0}
[27Apr2026 22:09:20.675] [main/DEBUG] [net.minecraftforge.fml.loading.moddiscovery.ModFileParser/LOADING]: Considering mod file candidate /workspaces/improved-giggle/servidor_minecraft/mods/PassableFoliage-1.19.1-forge-5.2.1.jar
[27Apr2026 22:09:20.676] [main/DEBUG] [net.minecraftforge.fml.loading.moddiscovery.ModFileInfo/LOADING]: Found valid mod file PassableFoliage-1.19.1-forge-5.2.1.jar with {passablefoliage} mods - versions {5.2.1}
[27Apr2026 22:09:20.676] [main/DEBUG] [net.minecraftforge.fml.loading.moddiscovery.ModFileParser/LOADING]: Considering mod file candidate /workspaces/improved-giggle/servidor_minecraft/mods/player-animation-lib-forge-1.0.2.jar
[27Apr2026 22:09:20.677] [main/DEBUG] [net.minecraftforge.fml.loading.moddiscovery.ModFileInfo/LOADING]: Found valid mod file player-animation-lib-forge-1.0.2.jar with {playeranimator} mods - versions {1.0.2}
[27Apr2026 22:09:20.678] [main/DEBUG] [net.minecraftforge.fml.loading.moddiscovery.ModFileParser/LOADING]: Considering mod file candidate /workspaces/improved-giggle/servidor_minecraft/mods/PresenceFootsteps-1.19.2-1.6.4.1-forge.jar
[27Apr2026 22:09:20.678] [main/DEBUG] [net.minecraftforge.fml.loading.moddiscovery.ModFileInfo/LOADING]: Found valid mod file PresenceFootsteps-1.19.2-1.6.4.1-forge.jar with {presencefootsteps} mods - versions {1.19.2-1.6.4.1}
[27Apr2026 22:09:20.679] [main/DEBUG] [net.minecraftforge.fml.loading.moddiscovery.ModFileParser/LOADING]: Considering mod file candidate /workspaces/improved-giggle/servidor_minecraft/mods/Prism-1.19.1-1.0.2.jar
[27Apr2026 22:09:20.679] [main/DEBUG] [net.minecraftforge.fml.loading.moddiscovery.ModFileInfo/LOADING]: Found valid mod file Prism-1.19.1-1.0.2.jar with {prism} mods - versions {1.0.2}
[27Apr2026 22:09:20.683] [main/DEBUG] [net.minecraftforge.fml.loading.moddiscovery.ModFileParser/LOADING]: Considering mod file candidate /workspaces/improved-giggle/servidor_minecraft/mods/PuzzlesLib-v4.4.3-1.19.2-Forge.jar
[27Apr2026 22:09:20.683] [main/DEBUG] [net.minecraftforge.fml.loading.moddiscovery.ModFileInfo/LOADING]: Found valid mod file PuzzlesLib-v4.4.3-1.19.2-Forge.jar with {puzzleslib} mods - versions {4.4.3}
[27Apr2026 22:09:20.684] [main/DEBUG] [net.minecraftforge.fml.loading.moddiscovery.ModFileParser/LOADING]: Considering mod file candidate /workspaces/improved-giggle/servidor_minecraft/mods/RealisticExplosionPhysics-1.19.2-1.0.0.jar
[27Apr2026 22:09:20.684] [main/DEBUG] [net.minecraftforge.fml.loading.moddiscovery.ModFileInfo/LOADING]: Found valid mod file RealisticExplosionPhysics-1.19.2-1.0.0.jar with {rep} mods - versions {1.0.0}
[27Apr2026 22:09:20.685] [main/DEBUG] [net.minecraftforge.fml.loading.moddiscovery.ModFileParser/LOADING]: Considering mod file candidate /workspaces/improved-giggle/servidor_minecraft/mods/realmrpg_fallen_adventurers_1.0.3_forge_1.19.2.jar
[27Apr2026 22:09:20.686] [main/DEBUG] [net.minecraftforge.fml.loading.moddiscovery.ModFileInfo/LOADING]: Found valid mod file realmrpg_fallen_adventurers_1.0.3_forge_1.19.2.jar with {realmrpg_skeletons} mods - versions {1.0.3}
[27Apr2026 22:09:20.686] [main/DEBUG] [net.minecraftforge.fml.loading.moddiscovery.ModFileParser/LOADING]: Considering mod file candidate /workspaces/improved-giggle/servidor_minecraft/mods/reforgium-1.0.12a.jar
[27Apr2026 22:09:20.687] [main/DEBUG] [net.minecraftforge.fml.loading.moddiscovery.ModFileInfo/LOADING]: Found valid mod file reforgium-1.0.12a.jar with {reforgium} mods - versions {1.0.12a}
[27Apr2026 22:09:20.687] [main/DEBUG] [net.minecraftforge.fml.loading.moddiscovery.ModFileParser/LOADING]: Considering mod file candidate /workspaces/improved-giggle/servidor_minecraft/mods/RemoveMouseoverHighlight-1.0.0+MC1.19.2(Forge).jar
[27Apr2026 22:09:20.688] [main/DEBUG] [net.minecraftforge.fml.loading.moddiscovery.ModFileInfo/LOADING]: Found valid mod file RemoveMouseoverHighlight-1.0.0+MC1.19.2(Forge).jar with {rmh} mods - versions {1.0.0+MC1.19.2(Forge)}
[27Apr2026 22:09:20.689] [main/DEBUG] [net.minecraftforge.fml.loading.moddiscovery.ModFileParser/LOADING]: Considering mod file candidate /workspaces/improved-giggle/servidor_minecraft/mods/Rex's-AdditionalStructures-1.19.x-(v.4.0.4).jar
[27Apr2026 22:09:20.690] [main/DEBUG] [net.minecraftforge.fml.loading.moddiscovery.ModFileInfo/LOADING]: Found valid mod file Rex's-AdditionalStructures-1.19.x-(v.4.0.4).jar with {additionalstructures} mods - versions {4.0.4}
[27Apr2026 22:09:20.691] [main/DEBUG] [net.minecraftforge.fml.loading.moddiscovery.ModFileParser/LOADING]: Considering mod file candidate /workspaces/improved-giggle/servidor_minecraft/mods/rubidium-mc1.19.2-0.6.2c.jar
[27Apr2026 22:09:20.691] [main/DEBUG] [net.minecraftforge.fml.loading.moddiscovery.ModFileInfo/LOADING]: Found valid mod file rubidium-mc1.19.2-0.6.2c.jar with {rubidium} mods - versions {0.6.2c}
[27Apr2026 22:09:20.692] [main/DEBUG] [net.minecraftforge.fml.loading.moddiscovery.ModFileParser/LOADING]: Considering mod file candidate /workspaces/improved-giggle/servidor_minecraft/mods/rubidium_extras-1.19.2_v1.4.3.jar
[27Apr2026 22:09:20.692] [main/DEBUG] [net.minecraftforge.fml.loading.moddiscovery.ModFileInfo/LOADING]: Found valid mod file rubidium_extras-1.19.2_v1.4.3.jar with {rubidium_extras} mods - versions {1.19.2_v1.4.3}
[27Apr2026 22:09:20.693] [main/DEBUG] [net.minecraftforge.fml.loading.moddiscovery.ModFileParser/LOADING]: Considering mod file candidate /workspaces/improved-giggle/servidor_minecraft/mods/sapling-tweaks-1.jar
[27Apr2026 22:09:20.693] [main/DEBUG] [net.minecraftforge.fml.loading.moddiscovery.ModFileInfo/LOADING]: Found valid mod file sapling-tweaks-1.jar with {mr_sapling_tweaks} mods - versions {1}
[27Apr2026 22:09:20.694] [main/DEBUG] [net.minecraftforge.fml.loading.moddiscovery.ModFileParser/LOADING]: Considering mod file candidate /workspaces/improved-giggle/servidor_minecraft/mods/saturn-mc1.19.2-0.1.4.jar
[27Apr2026 22:09:20.694] [main/DEBUG] [net.minecraftforge.fml.loading.moddiscovery.ModFileInfo/LOADING]: Found valid mod file saturn-mc1.19.2-0.1.4.jar with {saturn} mods - versions {0.1.4}
[27Apr2026 22:09:20.695] [main/DEBUG] [net.minecraftforge.fml.loading.moddiscovery.ModFileParser/LOADING]: Considering mod file candidate /workspaces/improved-giggle/servidor_minecraft/mods/SereneSeasons-1.19.2-8.1.0.24.jar
[27Apr2026 22:09:20.695] [main/DEBUG] [net.minecraftforge.fml.loading.moddiscovery.ModFileInfo/LOADING]: Found valid mod file SereneSeasons-1.19.2-8.1.0.24.jar with {sereneseasons} mods - versions {0.0NONE}
[27Apr2026 22:09:20.696] [main/DEBUG] [net.minecraftforge.fml.loading.moddiscovery.ModFileParser/LOADING]: Considering mod file candidate /workspaces/improved-giggle/servidor_minecraft/mods/ShoulderSurfing-Forge-1.19.2-4.18.2.jar
[27Apr2026 22:09:20.696] [main/DEBUG] [net.minecraftforge.fml.loading.moddiscovery.ModFileInfo/LOADING]: Found valid mod file ShoulderSurfing-Forge-1.19.2-4.18.2.jar with {shouldersurfing} mods - versions {1.19.2-4.18.2}
[27Apr2026 22:09:20.697] [main/DEBUG] [net.minecraftforge.fml.loading.moddiscovery.ModFileParser/LOADING]: Considering mod file candidate /workspaces/improved-giggle/servidor_minecraft/mods/shutupexperimentalsettings-1.0.5.jar
[27Apr2026 22:09:20.698] [main/DEBUG] [net.minecraftforge.fml.loading.moddiscovery.ModFileInfo/LOADING]: Found valid mod file shutupexperimentalsettings-1.0.5.jar with {shutupexperimentalsettings} mods - versions {1.0.5}
[27Apr2026 22:09:20.698] [main/DEBUG] [net.minecraftforge.fml.loading.moddiscovery.ModFileParser/LOADING]: Considering mod file candidate /workspaces/improved-giggle/servidor_minecraft/mods/signal_flares-1.6.1-forge-1.19.2.jar
[27Apr2026 22:09:20.699] [main/DEBUG] [net.minecraftforge.fml.loading.moddiscovery.ModFileInfo/LOADING]: Found valid mod file signal_flares-1.6.1-forge-1.19.2.jar with {signal_flares} mods - versions {1.6.1}
[27Apr2026 22:09:20.699] [main/DEBUG] [net.minecraftforge.fml.loading.moddiscovery.ModFileParser/LOADING]: Considering mod file candidate /workspaces/improved-giggle/servidor_minecraft/mods/skinlayers3d-forge-1.7.5-mc1.19.2.jar
[27Apr2026 22:09:20.700] [main/DEBUG] [net.minecraftforge.fml.loading.moddiscovery.ModFileInfo/LOADING]: Found valid mod file skinlayers3d-forge-1.7.5-mc1.19.2.jar with {skinlayers3d} mods - versions {1.7.5}
[27Apr2026 22:09:20.700] [main/DEBUG] [net.minecraftforge.fml.loading.moddiscovery.ModFileParser/LOADING]: Considering mod file candidate /workspaces/improved-giggle/servidor_minecraft/mods/smoothboot(reloaded)-mc1.19.2-0.0.4.jar
[27Apr2026 22:09:20.701] [main/DEBUG] [net.minecraftforge.fml.loading.moddiscovery.ModFileInfo/LOADING]: Found valid mod file smoothboot(reloaded)-mc1.19.2-0.0.4.jar with {smoothboot} mods - versions {0.0.4}
[27Apr2026 22:09:20.701] [main/DEBUG] [net.minecraftforge.fml.loading.moddiscovery.ModFileParser/LOADING]: Considering mod file candidate /workspaces/improved-giggle/servidor_minecraft/mods/smoothswapping-0.9.2-1.19.2-forge.jar
[27Apr2026 22:09:20.702] [main/DEBUG] [net.minecraftforge.fml.loading.moddiscovery.ModFileInfo/LOADING]: Found valid mod file smoothswapping-0.9.2-1.19.2-forge.jar with {smoothswapping} mods - versions {0.9.2}
[27Apr2026 22:09:20.702] [main/DEBUG] [net.minecraftforge.fml.loading.moddiscovery.ModFileParser/LOADING]: Considering mod file candidate /workspaces/improved-giggle/servidor_minecraft/mods/sound-physics-remastered-forge-1.19.2-1.4.5.jar
[27Apr2026 22:09:20.703] [main/DEBUG] [net.minecraftforge.fml.loading.moddiscovery.ModFileInfo/LOADING]: Found valid mod file sound-physics-remastered-forge-1.19.2-1.4.5.jar with {sound_physics_remastered} mods - versions {1.19.2-1.4.5}
[27Apr2026 22:09:20.705] [main/DEBUG] [net.minecraftforge.fml.loading.moddiscovery.ModFileParser/LOADING]: Considering mod file candidate /workspaces/improved-giggle/servidor_minecraft/mods/spelunkery-1.19.2-0.2.6-forge.jar
[27Apr2026 22:09:20.705] [main/DEBUG] [net.minecraftforge.fml.loading.moddiscovery.ModFileInfo/LOADING]: Found valid mod file spelunkery-1.19.2-0.2.6-forge.jar with {spelunkery} mods - versions {1.19.2-0.2.6}
[27Apr2026 22:09:20.706] [main/DEBUG] [net.minecraftforge.fml.loading.moddiscovery.ModFileParser/LOADING]: Considering mod file candidate /workspaces/improved-giggle/servidor_minecraft/mods/starterkit-1.19.2-7.0.jar
[27Apr2026 22:09:20.706] [main/DEBUG] [net.minecraftforge.fml.loading.moddiscovery.ModFileInfo/LOADING]: Found valid mod file starterkit-1.19.2-7.0.jar with {starterkit} mods - versions {7.0}
[27Apr2026 22:09:20.707] [main/DEBUG] [net.minecraftforge.fml.loading.moddiscovery.ModFileParser/LOADING]: Considering mod file candidate /workspaces/improved-giggle/servidor_minecraft/mods/Stony Cliffs FML v1.1.2.jar
[27Apr2026 22:09:20.707] [main/DEBUG] [net.minecraftforge.fml.loading.moddiscovery.ModFileInfo/LOADING]: Found valid mod file Stony Cliffs FML v1.1.2.jar with {stonycliffs} mods - versions {1.1.2}
[27Apr2026 22:09:20.708] [main/DEBUG] [net.minecraftforge.fml.loading.moddiscovery.ModFileParser/LOADING]: Considering mod file candidate /workspaces/improved-giggle/servidor_minecraft/mods/Structory_1.19.3_v1.3.1a.jar
[27Apr2026 22:09:20.709] [main/DEBUG] [net.minecraftforge.fml.loading.moddiscovery.ModFileInfo/LOADING]: Found valid mod file Structory_1.19.3_v1.3.1a.jar with {structory} mods - versions {1.3.1a}
[27Apr2026 22:09:20.711] [main/DEBUG] [net.minecraftforge.fml.loading.moddiscovery.ModFileParser/LOADING]: Considering mod file candidate /workspaces/improved-giggle/servidor_minecraft/mods/tacz-1.19.2-1.1.4-hotfix-all.jar
[27Apr2026 22:09:20.712] [main/DEBUG] [net.minecraftforge.fml.loading.moddiscovery.ModFileInfo/LOADING]: Found valid mod file tacz-1.19.2-1.1.4-hotfix-all.jar with {tacz} mods - versions {1.1.4-hotfix}
[27Apr2026 22:09:20.714] [main/DEBUG] [net.minecraftforge.fml.loading.moddiscovery.ModFileParser/LOADING]: Considering mod file candidate /workspaces/improved-giggle/servidor_minecraft/mods/Terralith_1.19.3_v2.3.12.jar
[27Apr2026 22:09:20.715] [main/DEBUG] [net.minecraftforge.fml.loading.moddiscovery.ModFileInfo/LOADING]: Found valid mod file Terralith_1.19.3_v2.3.12.jar with {terralith} mods - versions {2.3.12}
[27Apr2026 22:09:20.716] [main/DEBUG] [net.minecraftforge.fml.loading.moddiscovery.ModFileParser/LOADING]: Considering mod file candidate /workspaces/improved-giggle/servidor_minecraft/mods/The-Man-From-The-Fog-1.3-1.19.2.jar
[27Apr2026 22:09:20.716] [main/DEBUG] [net.minecraftforge.fml.loading.moddiscovery.ModFileInfo/LOADING]: Found valid mod file The-Man-From-The-Fog-1.3-1.19.2.jar with {man} mods - versions {1.3}
[27Apr2026 22:09:20.717] [main/DEBUG] [net.minecraftforge.fml.loading.moddiscovery.ModFileParser/LOADING]: Considering mod file candidate /workspaces/improved-giggle/servidor_minecraft/mods/the_knocker-1.4.0c-forge-1.19.2.jar
[27Apr2026 22:09:20.717] [main/DEBUG] [net.minecraftforge.fml.loading.moddiscovery.ModFileInfo/LOADING]: Found valid mod file the_knocker-1.4.0c-forge-1.19.2.jar with {the_knocker} mods - versions {1.4.0}
[27Apr2026 22:09:20.718] [main/DEBUG] [net.minecraftforge.fml.loading.moddiscovery.ModFileParser/LOADING]: Considering mod file candidate /workspaces/improved-giggle/servidor_minecraft/mods/the_masked-5.2.0-1.19.2.jar
[27Apr2026 22:09:20.718] [main/DEBUG] [net.minecraftforge.fml.loading.moddiscovery.ModFileInfo/LOADING]: Found valid mod file the_masked-5.2.0-1.19.2.jar with {the_masked} mods - versions {5.2.0}
[27Apr2026 22:09:20.719] [main/DEBUG] [net.minecraftforge.fml.loading.moddiscovery.ModFileParser/LOADING]: Considering mod file candidate /workspaces/improved-giggle/servidor_minecraft/mods/TheOneWhoWatches-V1.4.3-1.19.2.jar
[27Apr2026 22:09:20.719] [main/DEBUG] [net.minecraftforge.fml.loading.moddiscovery.ModFileInfo/LOADING]: Found valid mod file TheOneWhoWatches-V1.4.3-1.19.2.jar with {the_one_who_watches} mods - versions {1.4.2}
[27Apr2026 22:09:20.720] [main/DEBUG] [net.minecraftforge.fml.loading.moddiscovery.ModFileParser/LOADING]: Considering mod file candidate /workspaces/improved-giggle/servidor_minecraft/mods/TheStairwell-forge-1.19.2-1.7.jar
[27Apr2026 22:09:20.720] [main/DEBUG] [net.minecraftforge.fml.loading.moddiscovery.ModFileInfo/LOADING]: Found valid mod file TheStairwell-forge-1.19.2-1.7.jar with {thestairwell} mods - versions {1.0.0}
[27Apr2026 22:09:20.721] [main/DEBUG] [net.minecraftforge.fml.loading.moddiscovery.ModFileParser/LOADING]: Considering mod file candidate /workspaces/improved-giggle/servidor_minecraft/mods/ThirstWasTaken-1.19.2-1.3.11.jar
[27Apr2026 22:09:20.722] [main/DEBUG] [net.minecraftforge.fml.loading.moddiscovery.ModFileInfo/LOADING]: Found valid mod file ThirstWasTaken-1.19.2-1.3.11.jar with {thirst} mods - versions {1.19.2-1.3.11}
[27Apr2026 22:09:20.722] [main/DEBUG] [net.minecraftforge.fml.loading.moddiscovery.ModFileParser/LOADING]: Considering mod file candidate /workspaces/improved-giggle/servidor_minecraft/mods/ThisRocks-1.19.2-1.2.5.jar
[27Apr2026 22:09:20.723] [main/DEBUG] [net.minecraftforge.fml.loading.moddiscovery.ModFileInfo/LOADING]: Found valid mod file ThisRocks-1.19.2-1.2.5.jar with {rocks} mods - versions {1.2.5}
[27Apr2026 22:09:20.723] [main/DEBUG] [net.minecraftforge.fml.loading.moddiscovery.ModFileParser/LOADING]: Considering mod file candidate /workspaces/improved-giggle/servidor_minecraft/mods/v_slab_compat-1.19.2-1.9.jar
[27Apr2026 22:09:20.724] [main/DEBUG] [net.minecraftforge.fml.loading.moddiscovery.ModFileInfo/LOADING]: Found valid mod file v_slab_compat-1.19.2-1.9.jar with {v_slab_compat} mods - versions {1.19.2-1.9}
[27Apr2026 22:09:20.726] [main/DEBUG] [net.minecraftforge.fml.loading.moddiscovery.ModFileParser/LOADING]: Considering mod file candidate /workspaces/improved-giggle/servidor_minecraft/mods/VisualWorkbench-v4.2.4-1.19.2-Forge.jar
[27Apr2026 22:09:20.726] [main/DEBUG] [net.minecraftforge.fml.loading.moddiscovery.ModFileInfo/LOADING]: Found valid mod file VisualWorkbench-v4.2.4-1.19.2-Forge.jar with {visualworkbench} mods - versions {4.2.4}
[27Apr2026 22:09:20.727] [main/DEBUG] [net.minecraftforge.fml.loading.moddiscovery.ModFileParser/LOADING]: Considering mod file candidate /workspaces/improved-giggle/servidor_minecraft/mods/voicechat-forge-1.19.2-2.6.11.jar
[27Apr2026 22:09:20.728] [main/DEBUG] [net.minecraftforge.fml.loading.moddiscovery.ModFileInfo/LOADING]: Found valid mod file voicechat-forge-1.19.2-2.6.11.jar with {voicechat,voicechat_api} mods - versions {1.19.2-2.6.11,2.6.0}
[27Apr2026 22:09:20.728] [main/DEBUG] [net.minecraftforge.fml.loading.moddiscovery.ModFileParser/LOADING]: Considering mod file candidate /workspaces/improved-giggle/servidor_minecraft/mods/VoidFog-1.19.2-2.0.19.jar
[27Apr2026 22:09:20.729] [main/DEBUG] [net.minecraftforge.fml.loading.moddiscovery.ModFileInfo/LOADING]: Found valid mod file VoidFog-1.19.2-2.0.19.jar with {voidfog} mods - versions {1.19.2-2.0.19}
[27Apr2026 22:09:20.729] [main/DEBUG] [net.minecraftforge.fml.loading.moddiscovery.ModFileParser/LOADING]: Considering mod file candidate /workspaces/improved-giggle/servidor_minecraft/mods/weaponmaster_ydm-forge-1.19.2-4.2.3.jar
[27Apr2026 22:09:20.730] [main/DEBUG] [net.minecraftforge.fml.loading.moddiscovery.ModFileInfo/LOADING]: Found valid mod file weaponmaster_ydm-forge-1.19.2-4.2.3.jar with {weaponmaster_ydm} mods - versions {4.2.3}
[27Apr2026 22:09:20.730] [main/DEBUG] [net.minecraftforge.fml.loading.moddiscovery.ModFileParser/LOADING]: Considering mod file candidate /workspaces/improved-giggle/servidor_minecraft/mods/whos_there-1.2-forge-1.19.2.jar
[27Apr2026 22:09:20.731] [main/DEBUG] [net.minecraftforge.fml.loading.moddiscovery.ModFileInfo/LOADING]: Found valid mod file whos_there-1.2-forge-1.19.2.jar with {whos_there} mods - versions {1.2}
[27Apr2026 22:09:20.732] [main/DEBUG] [net.minecraftforge.fml.loading.moddiscovery.ModFileParser/LOADING]: Considering mod file candidate /workspaces/improved-giggle/servidor_minecraft/mods/YouDied-1.19.2-2.1.0.14-forge.jar
[27Apr2026 22:09:20.733] [main/DEBUG] [net.minecraftforge.fml.loading.moddiscovery.ModFileInfo/LOADING]: Found valid mod file YouDied-1.19.2-2.1.0.14-forge.jar with {you_died} mods - versions {2.1.0.14}
[27Apr2026 22:09:20.733] [main/DEBUG] [net.minecraftforge.fml.loading.moddiscovery.ModFileParser/LOADING]: Considering mod file candidate /workspaces/improved-giggle/servidor_minecraft/mods/YungsApi-1.19.2-Forge-3.8.10.jar
[27Apr2026 22:09:20.734] [main/DEBUG] [net.minecraftforge.fml.loading.moddiscovery.ModFileInfo/LOADING]: Found valid mod file YungsApi-1.19.2-Forge-3.8.10.jar with {yungsapi} mods - versions {1.19.2-Forge-3.8.10}
[27Apr2026 22:09:20.735] [main/DEBUG] [net.minecraftforge.fml.loading.moddiscovery.ModFileParser/LOADING]: Considering mod file candidate /workspaces/improved-giggle/servidor_minecraft/mods/YungsBetterDungeons-1.19.2-Forge-3.2.2.jar
[27Apr2026 22:09:20.735] [main/DEBUG] [net.minecraftforge.fml.loading.moddiscovery.ModFileInfo/LOADING]: Found valid mod file YungsBetterDungeons-1.19.2-Forge-3.2.2.jar with {betterdungeons} mods - versions {1.19.2-Forge-3.2.2}
[27Apr2026 22:09:20.736] [main/DEBUG] [net.minecraftforge.fml.loading.moddiscovery.ModFileParser/LOADING]: Considering mod file candidate /workspaces/improved-giggle/servidor_minecraft/mods/YungsBetterMineshafts-1.19.2-Forge-3.2.1.jar
[27Apr2026 22:09:20.736] [main/DEBUG] [net.minecraftforge.fml.loading.moddiscovery.ModFileInfo/LOADING]: Found valid mod file YungsBetterMineshafts-1.19.2-Forge-3.2.1.jar with {bettermineshafts} mods - versions {1.19.2-Forge-3.2.1}
[27Apr2026 22:09:20.737] [main/DEBUG] [net.minecraftforge.fml.loading.moddiscovery.ModFileParser/LOADING]: Considering mod file candidate /workspaces/improved-giggle/servidor_minecraft/mods/zaynens_craftable_slimeball_mod_1.19.2.jar
[27Apr2026 22:09:20.737] [main/DEBUG] [net.minecraftforge.fml.loading.moddiscovery.ModFileInfo/LOADING]: Found valid mod file zaynens_craftable_slimeball_mod_1.19.2.jar with {craftable_slimeball} mods - versions {1.0.0}
[27Apr2026 22:09:20.737] [main/DEBUG] [net.minecraftforge.fml.loading.moddiscovery.ModFileParser/LOADING]: Considering mod file candidate /workspaces/improved-giggle/servidor_minecraft/mods/zaynens_flint_from_gravel_mod_1.19.2.jar
[27Apr2026 22:09:20.738] [main/DEBUG] [net.minecraftforge.fml.loading.moddiscovery.ModFileInfo/LOADING]: Found valid mod file zaynens_flint_from_gravel_mod_1.19.2.jar with {flintfromgravel} mods - versions {1.0.0}
[27Apr2026 22:09:20.738] [main/DEBUG] [net.minecraftforge.fml.loading.moddiscovery.ModFileParser/LOADING]: Considering mod file candidate /workspaces/improved-giggle/servidor_minecraft/mods/zaynens_leather_from_rotten_flesh_mod_1.19.2.jar
[27Apr2026 22:09:20.739] [main/DEBUG] [net.minecraftforge.fml.loading.moddiscovery.ModFileInfo/LOADING]: Found valid mod file zaynens_leather_from_rotten_flesh_mod_1.19.2.jar with {leatherfromrottenflesh} mods - versions {1.0.0}
[27Apr2026 22:09:20.740] [main/WARN] [net.minecraftforge.fml.loading.moddiscovery.ModDiscoverer/SCAN]: Locator {mods folder locator at /workspaces/improved-giggle/servidor_minecraft/mods} returned 3 files which are client-side-only mods, but we're on a dedicated server. They will be skipped!
[27Apr2026 22:09:20.839] [main/DEBUG] [net.minecraftforge.fml.loading.moddiscovery.ModFileInfo/LOADING]: Found valid mod file server-1.20.1-20230612.114412-srg.jar with {minecraft} mods - versions {1.20.1}
[27Apr2026 22:09:20.841] [main/DEBUG] [net.minecraftforge.fml.loading.moddiscovery.ModFileParser/LOADING]: Considering mod file candidate /workspaces/improved-giggle/servidor_minecraft/libraries/net/minecraftforge/fmlcore/1.20.1-47.4.3/fmlcore-1.20.1-47.4.3.jar
[27Apr2026 22:09:20.841] [main/WARN] [net.minecraftforge.fml.loading.moddiscovery.ModFileParser/LOADING]: Mod file /workspaces/improved-giggle/servidor_minecraft/libraries/net/minecraftforge/fmlcore/1.20.1-47.4.3/fmlcore-1.20.1-47.4.3.jar is missing mods.toml file
[27Apr2026 22:09:20.842] [main/DEBUG] [net.minecraftforge.fml.loading.moddiscovery.ModFileParser/LOADING]: Considering mod file candidate /workspaces/improved-giggle/servidor_minecraft/libraries/net/minecraftforge/javafmllanguage/1.20.1-47.4.3/javafmllanguage-1.20.1-47.4.3.jar
[27Apr2026 22:09:20.843] [main/WARN] [net.minecraftforge.fml.loading.moddiscovery.ModFileParser/LOADING]: Mod file /workspaces/improved-giggle/servidor_minecraft/libraries/net/minecraftforge/javafmllanguage/1.20.1-47.4.3/javafmllanguage-1.20.1-47.4.3.jar is missing mods.toml file
[27Apr2026 22:09:20.844] [main/DEBUG] [net.minecraftforge.fml.loading.moddiscovery.ModFileParser/LOADING]: Considering mod file candidate /workspaces/improved-giggle/servidor_minecraft/libraries/net/minecraftforge/lowcodelanguage/1.20.1-47.4.3/lowcodelanguage-1.20.1-47.4.3.jar
[27Apr2026 22:09:20.844] [main/WARN] [net.minecraftforge.fml.loading.moddiscovery.ModFileParser/LOADING]: Mod file /workspaces/improved-giggle/servidor_minecraft/libraries/net/minecraftforge/lowcodelanguage/1.20.1-47.4.3/lowcodelanguage-1.20.1-47.4.3.jar is missing mods.toml file
[27Apr2026 22:09:20.845] [main/DEBUG] [net.minecraftforge.fml.loading.moddiscovery.ModFileParser/LOADING]: Considering mod file candidate /workspaces/improved-giggle/servidor_minecraft/libraries/net/minecraftforge/mclanguage/1.20.1-47.4.3/mclanguage-1.20.1-47.4.3.jar
[27Apr2026 22:09:20.845] [main/WARN] [net.minecraftforge.fml.loading.moddiscovery.ModFileParser/LOADING]: Mod file /workspaces/improved-giggle/servidor_minecraft/libraries/net/minecraftforge/mclanguage/1.20.1-47.4.3/mclanguage-1.20.1-47.4.3.jar is missing mods.toml file
[27Apr2026 22:09:20.875] [main/DEBUG] [net.minecraftforge.fml.loading.moddiscovery.ModFileParser/LOADING]: Considering mod file candidate /workspaces/improved-giggle/servidor_minecraft/libraries/net/minecraftforge/forge/1.20.1-47.4.3/forge-1.20.1-47.4.3-universal.jar
[27Apr2026 22:09:20.876] [main/DEBUG] [net.minecraftforge.fml.loading.moddiscovery.ModFileInfo/LOADING]: Found valid mod file forge-1.20.1-47.4.3-universal.jar with {forge} mods - versions {47.4.3}
[27Apr2026 22:09:20.887] [main/DEBUG] [net.minecraftforge.fml.loading.moddiscovery.AbstractJarFileDependencyLocator/]: Failed to load resource META-INF/jarjar/metadata.json from weaponmaster_ydm-forge-1.19.2-4.2.3.jar, it does not contain dependency information.
[27Apr2026 22:09:20.887] [main/DEBUG] [net.minecraftforge.fml.loading.moddiscovery.AbstractJarFileDependencyLocator/]: Failed to load resource META-INF/jarjar/metadata.json from saturn-mc1.19.2-0.1.4.jar, it does not contain dependency information.
[27Apr2026 22:09:20.888] [main/DEBUG] [net.minecraftforge.fml.loading.moddiscovery.AbstractJarFileDependencyLocator/]: Failed to load resource META-INF/jarjar/metadata.json from dynamiclightsreforged-1.19.2_v1.4.0.jar, it does not contain dependency information.
[27Apr2026 22:09:20.888] [main/DEBUG] [net.minecraftforge.fml.loading.moddiscovery.AbstractJarFileDependencyLocator/]: Failed to load resource META-INF/jarjar/metadata.json from YungsBetterDungeons-1.19.2-Forge-3.2.2.jar, it does not contain dependency information.
[27Apr2026 22:09:20.888] [main/DEBUG] [net.minecraftforge.fml.loading.moddiscovery.AbstractJarFileDependencyLocator/]: Failed to load resource META-INF/jarjar/metadata.json from notenoughcrashes-5.0.0+1.19.2-forge.jar, it does not contain dependency information.
[27Apr2026 22:09:20.888] [main/DEBUG] [net.minecraftforge.fml.loading.moddiscovery.AbstractJarFileDependencyLocator/]: Failed to load resource META-INF/jarjar/metadata.json from v_slab_compat-1.19.2-1.9.jar, it does not contain dependency information.
[27Apr2026 22:09:20.888] [main/DEBUG] [net.minecraftforge.fml.loading.moddiscovery.AbstractJarFileDependencyLocator/]: Failed to load resource META-INF/jarjar/metadata.json from ParCool-CompatibilityAddon-1.19.2-3.4.1.5-1.0.jar, it does not contain dependency information.
[27Apr2026 22:09:20.888] [main/DEBUG] [net.minecraftforge.fml.loading.moddiscovery.AbstractJarFileDependencyLocator/]: Failed to load resource META-INF/jarjar/metadata.json from signal_flares-1.6.1-forge-1.19.2.jar, it does not contain dependency information.
[27Apr2026 22:09:20.888] [main/DEBUG] [net.minecraftforge.fml.loading.moddiscovery.AbstractJarFileDependencyLocator/]: Failed to load resource META-INF/jarjar/metadata.json from zaynens_craftable_slimeball_mod_1.19.2.jar, it does not contain dependency information.
[27Apr2026 22:09:20.888] [main/DEBUG] [net.minecraftforge.fml.loading.moddiscovery.AbstractJarFileDependencyLocator/]: Failed to load resource META-INF/jarjar/metadata.json from player-animation-lib-forge-1.0.2.jar, it does not contain dependency information.
[27Apr2026 22:09:20.888] [main/DEBUG] [net.minecraftforge.fml.loading.moddiscovery.AbstractJarFileDependencyLocator/]: Failed to load resource META-INF/jarjar/metadata.json from zaynens_flint_from_gravel_mod_1.19.2.jar, it does not contain dependency information.
[27Apr2026 22:09:20.888] [main/DEBUG] [net.minecraftforge.fml.loading.moddiscovery.AbstractJarFileDependencyLocator/]: Failed to load resource META-INF/jarjar/metadata.json from ObsidianUI-forge-0.2.3+mc1.19.2.jar, it does not contain dependency information.
[27Apr2026 22:09:20.889] [main/DEBUG] [net.minecraftforge.fml.loading.moddiscovery.AbstractJarFileDependencyLocator/]: Failed to load resource META-INF/jarjar/metadata.json from MultiMine-1.19.2.5.jar, it does not contain dependency information.
[27Apr2026 22:09:20.889] [main/DEBUG] [net.minecraftforge.fml.loading.moddiscovery.AbstractJarFileDependencyLocator/]: Failed to load resource META-INF/jarjar/metadata.json from auditory-0.0.5-1.19.2.jar, it does not contain dependency information.
[27Apr2026 22:09:20.889] [main/DEBUG] [net.minecraftforge.fml.loading.moddiscovery.AbstractJarFileDependencyLocator/]: Failed to load resource META-INF/jarjar/metadata.json from rubidium-mc1.19.2-0.6.2c.jar, it does not contain dependency information.
[27Apr2026 22:09:20.889] [main/DEBUG] [net.minecraftforge.fml.loading.moddiscovery.AbstractJarFileDependencyLocator/]: Failed to load resource META-INF/jarjar/metadata.json from Stony Cliffs FML v1.1.2.jar, it does not contain dependency information.
[27Apr2026 22:09:20.889] [main/DEBUG] [net.minecraftforge.fml.loading.moddiscovery.AbstractJarFileDependencyLocator/]: Failed to load resource META-INF/jarjar/metadata.json from sound-physics-remastered-forge-1.19.2-1.4.5.jar, it does not contain dependency information.
[27Apr2026 22:09:20.889] [main/DEBUG] [net.minecraftforge.fml.loading.moddiscovery.AbstractJarFileDependencyLocator/]: Failed to load resource META-INF/jarjar/metadata.json from connectedness-2.0.1a.jar, it does not contain dependency information.
[27Apr2026 22:09:20.889] [main/DEBUG] [net.minecraftforge.fml.loading.moddiscovery.AbstractJarFileDependencyLocator/]: Failed to load resource META-INF/jarjar/metadata.json from darkness-forge-mc119-2.0.101.jar, it does not contain dependency information.
[27Apr2026 22:09:20.889] [main/DEBUG] [net.minecraftforge.fml.loading.moddiscovery.AbstractJarFileDependencyLocator/]: Failed to load resource META-INF/jarjar/metadata.json from EnhancedVisuals_FORGE_v1.5.11_mc1.19.2.jar, it does not contain dependency information.
[27Apr2026 22:09:20.889] [main/DEBUG] [net.minecraftforge.fml.loading.moddiscovery.AbstractJarFileDependencyLocator/]: Failed to load resource META-INF/jarjar/metadata.json from Prism-1.19.1-1.0.2.jar, it does not contain dependency information.
[27Apr2026 22:09:20.890] [main/DEBUG] [net.minecraftforge.fml.loading.moddiscovery.AbstractJarFileDependencyLocator/]: Failed to load resource META-INF/jarjar/metadata.json from bloodbits-2.0.1-forge-1.19.2.jar, it does not contain dependency information.
[27Apr2026 22:09:20.890] [main/DEBUG] [net.minecraftforge.fml.loading.moddiscovery.AbstractJarFileDependencyLocator/]: Failed to load resource META-INF/jarjar/metadata.json from YungsApi-1.19.2-Forge-3.8.10.jar, it does not contain dependency information.
[27Apr2026 22:09:20.890] [main/DEBUG] [net.minecraftforge.fml.loading.moddiscovery.AbstractJarFileDependencyLocator/]: Failed to load resource META-INF/jarjar/metadata.json from EasySaplings-1.19.2-1.0.7-[FORGE].jar, it does not contain dependency information.
[27Apr2026 22:09:20.890] [main/DEBUG] [net.minecraftforge.fml.loading.moddiscovery.AbstractJarFileDependencyLocator/]: Failed to load resource META-INF/jarjar/metadata.json from guardvillagers-1.19.2-1.5.9.jar, it does not contain dependency information.
[27Apr2026 22:09:20.890] [main/DEBUG] [net.minecraftforge.fml.loading.moddiscovery.AbstractJarFileDependencyLocator/]: Failed to load resource META-INF/jarjar/metadata.json from fragiletorches-1.19-1.0.2.jar, it does not contain dependency information.
[27Apr2026 22:09:20.890] [main/DEBUG] [net.minecraftforge.fml.loading.moddiscovery.AbstractJarFileDependencyLocator/]: Failed to load resource META-INF/jarjar/metadata.json from Better Cave Dweller-1.19.2.jar, it does not contain dependency information.
[27Apr2026 22:09:20.890] [main/DEBUG] [net.minecraftforge.fml.loading.moddiscovery.AbstractJarFileDependencyLocator/]: Failed to load resource META-INF/jarjar/metadata.json from Rex's-AdditionalStructures-1.19.x-(v.4.0.4).jar, it does not contain dependency information.
[27Apr2026 22:09:20.890] [main/DEBUG] [net.minecraftforge.fml.loading.moddiscovery.AbstractJarFileDependencyLocator/]: Failed to load resource META-INF/jarjar/metadata.json from balm-forge-1.19.2-4.6.0.jar, it does not contain dependency information.
[27Apr2026 22:09:20.890] [main/DEBUG] [net.minecraftforge.fml.loading.moddiscovery.AbstractJarFileDependencyLocator/]: Failed to load resource META-INF/jarjar/metadata.json from spelunkery-1.19.2-0.2.6-forge.jar, it does not contain dependency information.
[27Apr2026 22:09:20.891] [main/DEBUG] [net.minecraftforge.fml.loading.moddiscovery.AbstractJarFileDependencyLocator/]: Failed to load resource META-INF/jarjar/metadata.json from CameraOverhaul-v2.0.5-forge+mc[1.19.0-1.19.2].jar, it does not contain dependency information.
[27Apr2026 22:09:20.891] [main/DEBUG] [net.minecraftforge.fml.loading.moddiscovery.AbstractJarFileDependencyLocator/]: Failed to load resource META-INF/jarjar/metadata.json from cloth-config-8.3.134-forge.jar, it does not contain dependency information.
[27Apr2026 22:09:20.891] [main/DEBUG] [net.minecraftforge.fml.loading.moddiscovery.AbstractJarFileDependencyLocator/]: Failed to load resource META-INF/jarjar/metadata.json from konkrete_forge_1.8.0_MC_1.19-1.19.2.jar, it does not contain dependency information.
[27Apr2026 22:09:20.891] [main/DEBUG] [net.minecraftforge.fml.loading.moddiscovery.AbstractJarFileDependencyLocator/]: Failed to load resource META-INF/jarjar/metadata.json from TheOneWhoWatches-V1.4.3-1.19.2.jar, it does not contain dependency information.
[27Apr2026 22:09:20.891] [main/DEBUG] [net.minecraftforge.fml.loading.moddiscovery.AbstractJarFileDependencyLocator/]: Failed to load resource META-INF/jarjar/metadata.json from corpse-forge-1.19.2-1.0.17.jar, it does not contain dependency information.
[27Apr2026 22:09:20.891] [main/DEBUG] [net.minecraftforge.fml.loading.moddiscovery.AbstractJarFileDependencyLocator/]: Failed to load resource META-INF/jarjar/metadata.json from FarmersDelight-1.19.2-1.2.4.jar, it does not contain dependency information.
[27Apr2026 22:09:20.891] [main/DEBUG] [net.minecraftforge.fml.loading.moddiscovery.AbstractJarFileDependencyLocator/]: Failed to load resource META-INF/jarjar/metadata.json from entity_model_features_forge_1.19.2-2.0.2.jar, it does not contain dependency information.
[27Apr2026 22:09:20.891] [main/DEBUG] [net.minecraftforge.fml.loading.moddiscovery.AbstractJarFileDependencyLocator/]: Failed to load resource META-INF/jarjar/metadata.json from AmbientSounds_FORGE_v5.3.9_mc1.19.2.jar, it does not contain dependency information.
[27Apr2026 22:09:20.891] [main/DEBUG] [net.minecraftforge.fml.loading.moddiscovery.AbstractJarFileDependencyLocator/]: Failed to load resource META-INF/jarjar/metadata.json from sapling-tweaks-1.jar, it does not contain dependency information.
[27Apr2026 22:09:20.892] [main/DEBUG] [net.minecraftforge.fml.loading.moddiscovery.AbstractJarFileDependencyLocator/]: Failed to load resource META-INF/jarjar/metadata.json from TheStairwell-forge-1.19.2-1.7.jar, it does not contain dependency information.
[27Apr2026 22:09:20.892] [main/DEBUG] [net.minecraftforge.fml.loading.moddiscovery.AbstractJarFileDependencyLocator/]: Failed to load resource META-INF/jarjar/metadata.json from YouDied-1.19.2-2.1.0.14-forge.jar, it does not contain dependency information.
[27Apr2026 22:09:20.892] [main/DEBUG] [net.minecraftforge.fml.loading.moddiscovery.AbstractJarFileDependencyLocator/]: Failed to load resource META-INF/jarjar/metadata.json from oculus-mc1.19.2-1.6.9a.jar, it does not contain dependency information.
[27Apr2026 22:09:20.892] [main/DEBUG] [net.minecraftforge.fml.loading.moddiscovery.AbstractJarFileDependencyLocator/]: Failed to load resource META-INF/jarjar/metadata.json from The-Man-From-The-Fog-1.3-1.19.2.jar, it does not contain dependency information.
[27Apr2026 22:09:20.892] [main/DEBUG] [net.minecraftforge.fml.loading.moddiscovery.AbstractJarFileDependencyLocator/]: Failed to load resource META-INF/jarjar/metadata.json from collective-1.19.2-7.64.jar, it does not contain dependency information.
[27Apr2026 22:09:20.892] [main/DEBUG] [net.minecraftforge.fml.loading.moddiscovery.AbstractJarFileDependencyLocator/]: Failed to load resource META-INF/jarjar/metadata.json from reforgium-1.0.12a.jar, it does not contain dependency information.
[27Apr2026 22:09:20.892] [main/DEBUG] [net.minecraftforge.fml.loading.moddiscovery.AbstractJarFileDependencyLocator/]: Failed to load resource META-INF/jarjar/metadata.json from editmobdrops-1.19.2-1.4.1.jar, it does not contain dependency information.
[27Apr2026 22:09:20.892] [main/DEBUG] [net.minecraftforge.fml.loading.moddiscovery.AbstractJarFileDependencyLocator/]: Failed to load resource META-INF/jarjar/metadata.json from ThirstWasTaken-1.19.2-1.3.11.jar, it does not contain dependency information.
[27Apr2026 22:09:20.892] [main/DEBUG] [net.minecraftforge.fml.loading.moddiscovery.AbstractJarFileDependencyLocator/]: Failed to load resource META-INF/jarjar/metadata.json from starterkit-1.19.2-7.0.jar, it does not contain dependency information.
[27Apr2026 22:09:20.893] [main/DEBUG] [net.minecraftforge.fml.loading.moddiscovery.AbstractJarFileDependencyLocator/]: Failed to load resource META-INF/jarjar/metadata.json from increasemobcap-1.0-1.19.2.jar, it does not contain dependency information.
[27Apr2026 22:09:20.893] [main/DEBUG] [net.minecraftforge.fml.loading.moddiscovery.AbstractJarFileDependencyLocator/]: Failed to load resource META-INF/jarjar/metadata.json from mcw-furniture-3.4.1-mc1.19.2forge.jar, it does not contain dependency information.
[27Apr2026 22:09:20.893] [main/DEBUG] [net.minecraftforge.fml.loading.moddiscovery.AbstractJarFileDependencyLocator/]: Failed to load resource META-INF/jarjar/metadata.json from cupboard-1.19.2-2.6.jar, it does not contain dependency information.
[27Apr2026 22:09:20.893] [main/DEBUG] [net.minecraftforge.fml.loading.moddiscovery.AbstractJarFileDependencyLocator/]: Failed to load resource META-INF/jarjar/metadata.json from ItemPhysic_FORGE_v1.6.7_mc1.19.2.jar, it does not contain dependency information.
[27Apr2026 22:09:20.893] [main/DEBUG] [net.minecraftforge.fml.loading.moddiscovery.AbstractJarFileDependencyLocator/]: Failed to load resource META-INF/jarjar/metadata.json from anomaly_rephased-2.0.0b30-forge-1.19.2.jar, it does not contain dependency information.
[27Apr2026 22:09:20.893] [main/DEBUG] [net.minecraftforge.fml.loading.moddiscovery.AbstractJarFileDependencyLocator/]: Failed to load resource META-INF/jarjar/metadata.json from FallingTree-1.19.2-3.10.1.jar, it does not contain dependency information.
[27Apr2026 22:09:20.893] [main/DEBUG] [net.minecraftforge.fml.loading.moddiscovery.AbstractJarFileDependencyLocator/]: Failed to load resource META-INF/jarjar/metadata.json from FastLeafDecay-30.jar, it does not contain dependency information.
[27Apr2026 22:09:20.893] [main/DEBUG] [net.minecraftforge.fml.loading.moddiscovery.AbstractJarFileDependencyLocator/]: Failed to load resource META-INF/jarjar/metadata.json from YungsBetterMineshafts-1.19.2-Forge-3.2.1.jar, it does not contain dependency information.
[27Apr2026 22:09:20.893] [main/DEBUG] [net.minecraftforge.fml.loading.moddiscovery.AbstractJarFileDependencyLocator/]: Failed to load resource META-INF/jarjar/metadata.json from geckolib-forge-1.19-3.1.40.jar, it does not contain dependency information.
[27Apr2026 22:09:20.893] [main/DEBUG] [net.minecraftforge.fml.loading.moddiscovery.AbstractJarFileDependencyLocator/]: Failed to load resource META-INF/jarjar/metadata.json from BorderlessWindow-1.19.1-1.5.2.jar, it does not contain dependency information.
[27Apr2026 22:09:20.894] [main/DEBUG] [net.minecraftforge.fml.loading.moddiscovery.AbstractJarFileDependencyLocator/]: Failed to load resource META-INF/jarjar/metadata.json from Kiwi-1.19.2-forge-8.3.6.jar, it does not contain dependency information.
[27Apr2026 22:09:20.894] [main/DEBUG] [net.minecraftforge.fml.loading.moddiscovery.AbstractJarFileDependencyLocator/]: Failed to load resource META-INF/jarjar/metadata.json from inventorysorter-1.19.2-21.1.12.jar, it does not contain dependency information.
[27Apr2026 22:09:20.894] [main/DEBUG] [net.minecraftforge.fml.loading.moddiscovery.AbstractJarFileDependencyLocator/]: Failed to load resource META-INF/jarjar/metadata.json from no_f3-1.0.jar, it does not contain dependency information.
[27Apr2026 22:09:20.894] [main/DEBUG] [net.minecraftforge.fml.loading.moddiscovery.AbstractJarFileDependencyLocator/]: Failed to load resource META-INF/jarjar/metadata.json from nonetherportal-1.2.jar, it does not contain dependency information.
[27Apr2026 22:09:20.894] [main/DEBUG] [net.minecraftforge.fml.loading.moddiscovery.AbstractJarFileDependencyLocator/]: Failed to load resource META-INF/jarjar/metadata.json from RemoveMouseoverHighlight-1.0.0+MC1.19.2(Forge).jar, it does not contain dependency information.
[27Apr2026 22:09:20.894] [main/DEBUG] [net.minecraftforge.fml.loading.moddiscovery.AbstractJarFileDependencyLocator/]: Failed to load resource META-INF/jarjar/metadata.json from AssimilatorV3.1-By-Smoreh.jar, it does not contain dependency information.
[27Apr2026 22:09:20.894] [main/DEBUG] [net.minecraftforge.fml.loading.moddiscovery.AbstractJarFileDependencyLocator/]: Failed to load resource META-INF/jarjar/metadata.json from jei-1.19.2-forge-11.8.1.1034.jar, it does not contain dependency information.
[27Apr2026 22:09:20.894] [main/DEBUG] [net.minecraftforge.fml.loading.moddiscovery.AbstractJarFileDependencyLocator/]: Failed to load resource META-INF/jarjar/metadata.json from VisualWorkbench-v4.2.4-1.19.2-Forge.jar, it does not contain dependency information.
[27Apr2026 22:09:20.894] [main/DEBUG] [net.minecraftforge.fml.loading.moddiscovery.AbstractJarFileDependencyLocator/]: Failed to load resource META-INF/jarjar/metadata.json from immersive_weathering-1.19.2-1.2.10-forge.jar, it does not contain dependency information.
[27Apr2026 22:09:20.895] [main/DEBUG] [net.minecraftforge.fml.loading.moddiscovery.AbstractJarFileDependencyLocator/]: Failed to load resource META-INF/jarjar/metadata.json from realmrpg_fallen_adventurers_1.0.3_forge_1.19.2.jar, it does not contain dependency information.
[27Apr2026 22:09:20.895] [main/DEBUG] [net.minecraftforge.fml.loading.moddiscovery.AbstractJarFileDependencyLocator/]: Failed to load resource META-INF/jarjar/metadata.json from PassableFoliage-1.19.1-forge-5.2.1.jar, it does not contain dependency information.
[27Apr2026 22:09:20.895] [main/DEBUG] [net.minecraftforge.fml.loading.moddiscovery.AbstractJarFileDependencyLocator/]: Failed to load resource META-INF/jarjar/metadata.json from Structory_1.19.3_v1.3.1a.jar, it does not contain dependency information.
[27Apr2026 22:09:20.895] [main/DEBUG] [net.minecraftforge.fml.loading.moddiscovery.AbstractJarFileDependencyLocator/]: Failed to load resource META-INF/jarjar/metadata.json from RealisticExplosionPhysics-1.19.2-1.0.0.jar, it does not contain dependency information.
[27Apr2026 22:09:20.895] [main/DEBUG] [net.minecraftforge.fml.loading.moddiscovery.AbstractJarFileDependencyLocator/]: Failed to load resource META-INF/jarjar/metadata.json from Clumps-forge-1.19.2-9.0.0+14.jar, it does not contain dependency information.
[27Apr2026 22:09:20.895] [main/DEBUG] [net.minecraftforge.fml.loading.moddiscovery.AbstractJarFileDependencyLocator/]: Failed to load resource META-INF/jarjar/metadata.json from shutupexperimentalsettings-1.0.5.jar, it does not contain dependency information.
[27Apr2026 22:09:20.895] [main/DEBUG] [net.minecraftforge.fml.loading.moddiscovery.AbstractJarFileDependencyLocator/]: Failed to load resource META-INF/jarjar/metadata.json from SereneSeasons-1.19.2-8.1.0.24.jar, it does not contain dependency information.
[27Apr2026 22:09:20.895] [main/DEBUG] [net.minecraftforge.fml.loading.moddiscovery.AbstractJarFileDependencyLocator/]: Failed to load resource META-INF/jarjar/metadata.json from configured-2.1.1-1.19.2.jar, it does not contain dependency information.
[27Apr2026 22:09:20.895] [main/DEBUG] [net.minecraftforge.fml.loading.moddiscovery.AbstractJarFileDependencyLocator/]: Failed to load resource META-INF/jarjar/metadata.json from zaynens_leather_from_rotten_flesh_mod_1.19.2.jar, it does not contain dependency information.
[27Apr2026 22:09:20.895] [main/DEBUG] [net.minecraftforge.fml.loading.moddiscovery.AbstractJarFileDependencyLocator/]: Failed to load resource META-INF/jarjar/metadata.json from BadMobs-1.19.2-16.1.3.jar, it does not contain dependency information.
[27Apr2026 22:09:20.895] [main/DEBUG] [net.minecraftforge.fml.loading.moddiscovery.AbstractJarFileDependencyLocator/]: Failed to load resource META-INF/jarjar/metadata.json from bloodybits-1.2.1-1.19.2.jar, it does not contain dependency information.
[27Apr2026 22:09:20.896] [main/DEBUG] [net.minecraftforge.fml.loading.moddiscovery.AbstractJarFileDependencyLocator/]: Failed to load resource META-INF/jarjar/metadata.json from Terralith_1.19.3_v2.3.12.jar, it does not contain dependency information.
[27Apr2026 22:09:20.896] [main/DEBUG] [net.minecraftforge.fml.loading.moddiscovery.AbstractJarFileDependencyLocator/]: Failed to load resource META-INF/jarjar/metadata.json from CraftTweaker-forge-1.19.2-10.1.56.jar, it does not contain dependency information.
[27Apr2026 22:09:20.896] [main/DEBUG] [net.minecraftforge.fml.loading.moddiscovery.AbstractJarFileDependencyLocator/]: Failed to load resource META-INF/jarjar/metadata.json from whos_there-1.2-forge-1.19.2.jar, it does not contain dependency information.
[27Apr2026 22:09:20.896] [main/DEBUG] [net.minecraftforge.fml.loading.moddiscovery.AbstractJarFileDependencyLocator/]: Failed to load resource META-INF/jarjar/metadata.json from rubidium_extras-1.19.2_v1.4.3.jar, it does not contain dependency information.
[27Apr2026 22:09:20.896] [main/DEBUG] [net.minecraftforge.fml.loading.moddiscovery.AbstractJarFileDependencyLocator/]: Failed to load resource META-INF/jarjar/metadata.json from forge-1.20.1-47.4.3-universal.jar, it does not contain dependency information.
[27Apr2026 22:09:20.896] [main/DEBUG] [net.minecraftforge.fml.loading.moddiscovery.AbstractJarFileDependencyLocator/]: Failed to load resource META-INF/jarjar/metadata.json from server-1.20.1-20230612.114412-srg.jar, it does not contain dependency information.
[27Apr2026 22:09:20.896] [main/DEBUG] [net.minecraftforge.fml.loading.moddiscovery.AbstractJarFileDependencyLocator/]: Failed to load resource META-INF/jarjar/metadata.json from okzoomer-forge-1.19-2.1.1.jar, it does not contain dependency information.
[27Apr2026 22:09:20.897] [main/DEBUG] [net.minecraftforge.fml.loading.moddiscovery.AbstractJarFileDependencyLocator/]: Failed to load resource META-INF/jarjar/metadata.json from voicechat-forge-1.19.2-2.6.11.jar, it does not contain dependency information.
[27Apr2026 22:09:20.897] [main/DEBUG] [net.minecraftforge.fml.loading.moddiscovery.AbstractJarFileDependencyLocator/]: Failed to load resource META-INF/jarjar/metadata.json from moonlight-1.19.2-2.3.7-forge.jar, it does not contain dependency information.
[27Apr2026 22:09:20.897] [main/DEBUG] [net.minecraftforge.fml.loading.moddiscovery.AbstractJarFileDependencyLocator/]: Failed to load resource META-INF/jarjar/metadata.json from MouseTweaks-forge-mc1.19-2.23.jar, it does not contain dependency information.
[27Apr2026 22:09:20.897] [main/DEBUG] [net.minecraftforge.fml.loading.moddiscovery.AbstractJarFileDependencyLocator/]: Failed to load resource META-INF/jarjar/metadata.json from bettercombat-forge-1.7.1+1.19.jar, it does not contain dependency information.
[27Apr2026 22:09:20.897] [main/DEBUG] [net.minecraftforge.fml.loading.moddiscovery.AbstractJarFileDependencyLocator/]: Failed to load resource META-INF/jarjar/metadata.json from ShoulderSurfing-Forge-1.19.2-4.18.2.jar, it does not contain dependency information.
[27Apr2026 22:09:20.897] [main/DEBUG] [net.minecraftforge.fml.loading.moddiscovery.AbstractJarFileDependencyLocator/]: Failed to load resource META-INF/jarjar/metadata.json from CullLessLeaves-Reforged-1.0.5.jar, it does not contain dependency information.
[27Apr2026 22:09:20.897] [main/DEBUG] [net.minecraftforge.fml.loading.moddiscovery.AbstractJarFileDependencyLocator/]: Failed to load resource META-INF/jarjar/metadata.json from CreativeCore_FORGE_v2.11.28_mc1.19.2.jar, it does not contain dependency information.
[27Apr2026 22:09:20.897] [main/DEBUG] [net.minecraftforge.fml.loading.moddiscovery.AbstractJarFileDependencyLocator/]: Failed to load resource META-INF/jarjar/metadata.json from Arrenek's Lookout Towers 1.0.jar, it does not contain dependency information.
[27Apr2026 22:09:20.897] [main/DEBUG] [net.minecraftforge.fml.loading.moddiscovery.AbstractJarFileDependencyLocator/]: Failed to load resource META-INF/jarjar/metadata.json from smoothboot(reloaded)-mc1.19.2-0.0.4.jar, it does not contain dependency information.
[27Apr2026 22:09:20.898] [main/DEBUG] [net.minecraftforge.fml.loading.moddiscovery.AbstractJarFileDependencyLocator/]: Failed to load resource META-INF/jarjar/metadata.json from ThisRocks-1.19.2-1.2.5.jar, it does not contain dependency information.
[27Apr2026 22:09:20.898] [main/DEBUG] [net.minecraftforge.fml.loading.moddiscovery.AbstractJarFileDependencyLocator/]: Failed to load resource META-INF/jarjar/metadata.json from VoidFog-1.19.2-2.0.19.jar, it does not contain dependency information.
[27Apr2026 22:09:20.898] [main/DEBUG] [net.minecraftforge.fml.loading.moddiscovery.AbstractJarFileDependencyLocator/]: Failed to load resource META-INF/jarjar/metadata.json from betterfpsdist-1.19.2-4.1.jar, it does not contain dependency information.
[27Apr2026 22:09:20.898] [main/DEBUG] [net.minecraftforge.fml.loading.moddiscovery.AbstractJarFileDependencyLocator/]: Failed to load resource META-INF/jarjar/metadata.json from Iceberg-1.19.2-forge-1.1.4.jar, it does not contain dependency information.
[27Apr2026 22:09:20.898] [main/DEBUG] [net.minecraftforge.fml.loading.moddiscovery.AbstractJarFileDependencyLocator/]: Failed to load resource META-INF/jarjar/metadata.json from LegendaryTooltips-1.19.2-forge-1.4.0.jar, it does not contain dependency information.
[27Apr2026 22:09:20.898] [main/DEBUG] [net.minecraftforge.fml.loading.moddiscovery.AbstractJarFileDependencyLocator/]: Failed to load resource META-INF/jarjar/metadata.json from ParCool-1.19.2-3.4.1.5.jar, it does not contain dependency information.
[27Apr2026 22:09:20.898] [main/DEBUG] [net.minecraftforge.fml.loading.moddiscovery.AbstractJarFileDependencyLocator/]: Failed to load resource META-INF/jarjar/metadata.json from entityculling-forge-1.6.1-mc1.19.2.jar, it does not contain dependency information.
[27Apr2026 22:09:20.898] [main/DEBUG] [net.minecraftforge.fml.loading.moddiscovery.AbstractJarFileDependencyLocator/]: Failed to load resource META-INF/jarjar/metadata.json from effective_fg-1.3.4.jar, it does not contain dependency information.
[27Apr2026 22:09:20.898] [main/DEBUG] [net.minecraftforge.fml.loading.moddiscovery.AbstractJarFileDependencyLocator/]: Failed to load resource META-INF/jarjar/metadata.json from FarmersStructures-1.0.0-1.19.2.jar, it does not contain dependency information.
[27Apr2026 22:09:20.898] [main/DEBUG] [net.minecraftforge.fml.loading.moddiscovery.AbstractJarFileDependencyLocator/]: Failed to load resource META-INF/jarjar/metadata.json from Beware-1.19.2-2.3.4.jar, it does not contain dependency information.
[27Apr2026 22:09:20.899] [main/DEBUG] [net.minecraftforge.fml.loading.moddiscovery.AbstractJarFileDependencyLocator/]: Failed to load resource META-INF/jarjar/metadata.json from appleskin-forge-mc1.19-2.4.2.jar, it does not contain dependency information.
[27Apr2026 22:09:20.899] [main/DEBUG] [net.minecraftforge.fml.loading.moddiscovery.AbstractJarFileDependencyLocator/]: Failed to load resource META-INF/jarjar/metadata.json from ferritecore-5.0.3-forge.jar, it does not contain dependency information.
[27Apr2026 22:09:20.899] [main/DEBUG] [net.minecraftforge.fml.loading.moddiscovery.AbstractJarFileDependencyLocator/]: Failed to load resource META-INF/jarjar/metadata.json from biomemusic-1.19.2-2.2.jar, it does not contain dependency information.
[27Apr2026 22:09:20.899] [main/DEBUG] [net.minecraftforge.fml.loading.moddiscovery.AbstractJarFileDependencyLocator/]: Failed to load resource META-INF/jarjar/metadata.json from PuzzlesLib-v4.4.3-1.19.2-Forge.jar, it does not contain dependency information.
[27Apr2026 22:09:20.899] [main/DEBUG] [net.minecraftforge.fml.loading.moddiscovery.AbstractJarFileDependencyLocator/]: Failed to load resource META-INF/jarjar/metadata.json from the_masked-5.2.0-1.19.2.jar, it does not contain dependency information.
[27Apr2026 22:09:20.899] [main/DEBUG] [net.minecraftforge.fml.loading.moddiscovery.AbstractJarFileDependencyLocator/]: Failed to load resource META-INF/jarjar/metadata.json from Feather-To-String 1.19.2.jar, it does not contain dependency information.
[27Apr2026 22:09:20.899] [main/DEBUG] [net.minecraftforge.fml.loading.moddiscovery.AbstractJarFileDependencyLocator/]: Failed to load resource META-INF/jarjar/metadata.json from the_knocker-1.4.0c-forge-1.19.2.jar, it does not contain dependency information.
[27Apr2026 22:09:20.899] [main/DEBUG] [net.minecraftforge.fml.loading.moddiscovery.AbstractJarFileDependencyLocator/]: Failed to load resource META-INF/jarjar/metadata.json from smoothswapping-0.9.2-1.19.2-forge.jar, it does not contain dependency information.
[27Apr2026 22:09:20.899] [main/DEBUG] [net.minecraftforge.fml.loading.moddiscovery.AbstractJarFileDependencyLocator/]: Failed to load resource META-INF/jarjar/metadata.json from PresenceFootsteps-1.19.2-1.6.4.1-forge.jar, it does not contain dependency information.
[27Apr2026 22:09:20.899] [main/DEBUG] [net.minecraftforge.fml.loading.moddiscovery.AbstractJarFileDependencyLocator/]: Failed to load resource META-INF/jarjar/metadata.json from defaultoptions-forge-1.19-15.0.2.jar, it does not contain dependency information.
[27Apr2026 22:09:20.900] [main/DEBUG] [net.minecraftforge.fml.loading.moddiscovery.AbstractJarFileDependencyLocator/]: Failed to load resource META-INF/jarjar/metadata.json from mclanguage-1.20.1-47.4.3.jar, it does not contain dependency information.
[27Apr2026 22:09:20.900] [main/DEBUG] [net.minecraftforge.fml.loading.moddiscovery.AbstractJarFileDependencyLocator/]: Failed to load resource META-INF/jarjar/metadata.json from javafmllanguage-1.20.1-47.4.3.jar, it does not contain dependency information.
[27Apr2026 22:09:20.900] [main/DEBUG] [net.minecraftforge.fml.loading.moddiscovery.AbstractJarFileDependencyLocator/]: Failed to load resource META-INF/jarjar/metadata.json from fmlcore-1.20.1-47.4.3.jar, it does not contain dependency information.
[27Apr2026 22:09:20.900] [main/DEBUG] [net.minecraftforge.fml.loading.moddiscovery.AbstractJarFileDependencyLocator/]: Failed to load resource META-INF/jarjar/metadata.json from lowcodelanguage-1.20.1-47.4.3.jar, it does not contain dependency information.
[27Apr2026 22:09:20.942] [main/DEBUG] [net.minecraftforge.fml.loading.moddiscovery.ModFileParser/LOADING]: Considering mod file candidate 
[27Apr2026 22:09:20.943] [main/DEBUG] [net.minecraftforge.fml.loading.moddiscovery.ModFileInfo/LOADING]: Found valid mod file mixinextras-forge-0.3.5.jar with {mixinextras} mods - versions {0.3.5}
[27Apr2026 22:09:20.948] [main/DEBUG] [net.minecraftforge.fml.loading.moddiscovery.ModFileParser/LOADING]: Considering mod file candidate 
[27Apr2026 22:09:20.949] [main/DEBUG] [net.minecraftforge.fml.loading.moddiscovery.ModFileInfo/LOADING]: Found valid mod file mixinextras-forge-0.2.0-beta.6.jar with {mixinextras} mods - versions {0.2.0-beta.6}
[27Apr2026 22:09:20.950] [main/DEBUG] [net.minecraftforge.fml.loading.moddiscovery.ModFileParser/LOADING]: Considering mod file candidate 
[27Apr2026 22:09:20.951] [main/DEBUG] [net.minecraftforge.fml.loading.moddiscovery.ModFileInfo/LOADING]: Found valid mod file mixinextras-forge-0.3.5.jar with {mixinextras} mods - versions {0.3.5}
[27Apr2026 22:09:20.972] [main/DEBUG] [net.minecraftforge.fml.loading.moddiscovery.ModFileParser/LOADING]: Considering mod file candidate 
[27Apr2026 22:09:20.973] [main/DEBUG] [net.minecraftforge.fml.loading.moddiscovery.ModFileInfo/LOADING]: Found valid mod file mixinextras-forge-0.4.1.jar with {mixinextras} mods - versions {0.4.1}
[27Apr2026 22:09:20.974] [main/DEBUG] [net.minecraftforge.fml.loading.moddiscovery.ModFileParser/LOADING]: Considering mod file candidate 
[27Apr2026 22:09:20.975] [main/DEBUG] [net.minecraftforge.fml.loading.moddiscovery.ModFileInfo/LOADING]: Found valid mod file mixinsquared-forge-0.3.3.jar with {mixinsquared} mods - versions {0.3.3}
[27Apr2026 22:09:21.081] [main/DEBUG] [net.minecraftforge.fml.loading.moddiscovery.ModFileParser/LOADING]: Considering mod file candidate 
[27Apr2026 22:09:21.082] [main/DEBUG] [net.minecraftforge.fml.loading.moddiscovery.ModFileInfo/LOADING]: Found valid mod file mixinextras-forge-0.3.6.jar with {mixinextras} mods - versions {0.3.6}
[27Apr2026 22:09:21.085] [main/DEBUG] [net.minecraftforge.fml.loading.moddiscovery.ModFileParser/LOADING]: Considering mod file candidate 
[27Apr2026 22:09:21.086] [main/DEBUG] [net.minecraftforge.fml.loading.moddiscovery.ModFileInfo/LOADING]: Found valid mod file satin-forge-1.19.2+1.12.3.jar with {satin} mods - versions {1.19.2+1.12.3}
[27Apr2026 22:09:21.087] [main/DEBUG] [net.minecraftforge.fml.loading.moddiscovery.ModFileParser/LOADING]: Considering mod file candidate 
[27Apr2026 22:09:21.088] [main/DEBUG] [net.minecraftforge.fml.loading.moddiscovery.ModFileInfo/LOADING]: Found valid mod file mixinextras-forge-0.3.2.jar with {mixinextras} mods - versions {0.3.2}
[27Apr2026 22:09:21.089] [main/DEBUG] [net.minecraftforge.fml.loading.moddiscovery.ModFileParser/LOADING]: Considering mod file candidate 
[27Apr2026 22:09:21.090] [main/DEBUG] [net.minecraftforge.fml.loading.moddiscovery.ModFileInfo/LOADING]: Found valid mod file mixinextras-forge-0.4.1.jar with {mixinextras} mods - versions {0.4.1}
[27Apr2026 22:09:21.095] [main/DEBUG] [net.minecraftforge.fml.loading.moddiscovery.AbstractJarFileDependencyLocator/]: Failed to load resource META-INF/jarjar/metadata.json from httpmime-4.5.10.jar, it does not contain dependency information.
[27Apr2026 22:09:21.103] [main/DEBUG] [net.minecraftforge.fml.loading.moddiscovery.AbstractJarFileDependencyLocator/]: Failed to load resource META-INF/jarjar/metadata.json from japng-0.5.3.jar, it does not contain dependency information.
[27Apr2026 22:09:21.103] [main/DEBUG] [net.minecraftforge.fml.loading.moddiscovery.AbstractJarFileDependencyLocator/]: Failed to load resource META-INF/jarjar/metadata.json from animated-gif-lib-for-java-animated-gif-lib-1.7.jar, it does not contain dependency information.
[27Apr2026 22:09:21.103] [main/DEBUG] [net.minecraftforge.fml.loading.moddiscovery.AbstractJarFileDependencyLocator/]: Failed to load resource META-INF/jarjar/metadata.json from joml-1.10.8.jar, it does not contain dependency information.
[27Apr2026 22:09:21.111] [main/DEBUG] [net.minecraftforge.fml.loading.moddiscovery.AbstractJarFileDependencyLocator/]: Failed to load resource META-INF/jarjar/metadata.json from commons-math3-3.6.1.jar, it does not contain dependency information.
[27Apr2026 22:09:21.111] [main/DEBUG] [net.minecraftforge.fml.loading.moddiscovery.AbstractJarFileDependencyLocator/]: Failed to load resource META-INF/jarjar/metadata.json from luaj-core-3.0.8-figura.jar, it does not contain dependency information.
[27Apr2026 22:09:21.111] [main/DEBUG] [net.minecraftforge.fml.loading.moddiscovery.AbstractJarFileDependencyLocator/]: Failed to load resource META-INF/jarjar/metadata.json from luaj-jse-3.0.8-figura.jar, it does not contain dependency information.
[27Apr2026 22:09:21.111] [main/DEBUG] [net.minecraftforge.fml.loading.moddiscovery.AbstractJarFileDependencyLocator/]: Failed to load resource META-INF/jarjar/metadata.json from bcel-6.6.1.jar, it does not contain dependency information.
[27Apr2026 22:09:21.116] [main/DEBUG] [net.minecraftforge.fml.loading.moddiscovery.AbstractJarFileDependencyLocator/]: Failed to load resource META-INF/jarjar/metadata.json from satin-forge-1.19.2+1.12.3.jar, it does not contain dependency information.
[27Apr2026 22:09:21.125] [main/DEBUG] [net.minecraftforge.fml.loading.moddiscovery.AbstractJarFileDependencyLocator/]: Failed to load resource META-INF/jarjar/metadata.json from MixinExtras-0.3.5.jar, it does not contain dependency information.
[27Apr2026 22:09:21.126] [main/DEBUG] [net.minecraftforge.fml.loading.moddiscovery.AbstractJarFileDependencyLocator/]: Failed to load resource META-INF/jarjar/metadata.json from MixinExtras-0.2.0-beta.6.jar, it does not contain dependency information.
[27Apr2026 22:09:21.126] [main/DEBUG] [net.minecraftforge.fml.loading.moddiscovery.AbstractJarFileDependencyLocator/]: Failed to load resource META-INF/jarjar/metadata.json from MixinExtras-0.3.5.jar, it does not contain dependency information.
[27Apr2026 22:09:21.126] [main/DEBUG] [net.minecraftforge.fml.loading.moddiscovery.AbstractJarFileDependencyLocator/]: Failed to load resource META-INF/jarjar/metadata.json from MixinExtras-0.4.1.jar, it does not contain dependency information.
[27Apr2026 22:09:21.126] [main/DEBUG] [net.minecraftforge.fml.loading.moddiscovery.AbstractJarFileDependencyLocator/]: Failed to load resource META-INF/jarjar/metadata.json from MixinSquared-0.3.3.jar, it does not contain dependency information.
[27Apr2026 22:09:21.126] [main/DEBUG] [net.minecraftforge.fml.loading.moddiscovery.AbstractJarFileDependencyLocator/]: Failed to load resource META-INF/jarjar/metadata.json from MixinExtras-0.3.6.jar, it does not contain dependency information.
[27Apr2026 22:09:21.127] [main/DEBUG] [net.minecraftforge.fml.loading.moddiscovery.AbstractJarFileDependencyLocator/]: Failed to load resource META-INF/jarjar/metadata.json from MixinExtras-0.3.2.jar, it does not contain dependency information.
[27Apr2026 22:09:21.127] [main/DEBUG] [net.minecraftforge.fml.loading.moddiscovery.AbstractJarFileDependencyLocator/]: Failed to load resource META-INF/jarjar/metadata.json from MixinExtras-0.4.1.jar, it does not contain dependency information.
[27Apr2026 22:09:21.195] [main/DEBUG] [net.minecraftforge.fml.loading.moddiscovery.ModFileParser/LOADING]: Considering mod file candidate 
[27Apr2026 22:09:21.196] [main/DEBUG] [net.minecraftforge.fml.loading.moddiscovery.ModFileInfo/LOADING]: Found valid mod file mixinsquared-forge-0.3.3.jar with {mixinsquared} mods - versions {0.3.3}
[27Apr2026 22:09:21.197] [main/DEBUG] [net.minecraftforge.fml.loading.moddiscovery.ModFileParser/LOADING]: Considering mod file candidate 
[27Apr2026 22:09:21.198] [main/DEBUG] [net.minecraftforge.fml.loading.moddiscovery.ModFileInfo/LOADING]: Found valid mod file mixinextras-forge-0.2.0-beta.6.jar with {mixinextras} mods - versions {0.2.0-beta.6}
[27Apr2026 22:09:21.227] [main/DEBUG] [net.minecraftforge.fml.loading.moddiscovery.ModFileParser/LOADING]: Considering mod file candidate 
[27Apr2026 22:09:21.228] [main/DEBUG] [net.minecraftforge.fml.loading.moddiscovery.ModFileInfo/LOADING]: Found valid mod file satin-forge-1.19.2+1.12.3.jar with {satin} mods - versions {1.19.2+1.12.3}
[27Apr2026 22:09:21.235] [main/DEBUG] [net.minecraftforge.fml.loading.moddiscovery.ModFileParser/LOADING]: Considering mod file candidate 
[27Apr2026 22:09:21.236] [main/DEBUG] [net.minecraftforge.fml.loading.moddiscovery.ModFileInfo/LOADING]: Found valid mod file mixinextras-forge-0.4.1.jar with {mixinextras} mods - versions {0.4.1}
[27Apr2026 22:09:21.237] [main/WARN] [net.minecraftforge.jarjar.selection.JarSelector/]: Attempted to select two dependency jars from JarJar which have the same identification: Mod File:  and Mod File: . Using Mod File: 
[27Apr2026 22:09:21.239] [main/INFO] [net.minecraftforge.fml.loading.moddiscovery.JarInJarDependencyLocator/]: Found 13 dependencies adding them to mods collection
[27Apr2026 22:09:21.241] [main/DEBUG] [net.minecraftforge.fml.loading.moddiscovery.ModFileParser/LOADING]: Considering mod file candidate /workspaces/improved-giggle/servidor_minecraft/mods/dynamiclightsreforged-1.19.2_v1.4.0.jar
[27Apr2026 22:09:21.242] [main/DEBUG] [net.minecraftforge.fml.loading.moddiscovery.ModFileInfo/LOADING]: Found valid mod file dynamiclightsreforged-1.19.2_v1.4.0.jar with {dynamiclightsreforged} mods - versions {1.19.2_v1.4.0}
[27Apr2026 22:09:21.245] [main/DEBUG] [net.minecraftforge.fml.loading.moddiscovery.ModFile/LOADING]: Loading mod file /workspaces/improved-giggle/servidor_minecraft/mods/dynamiclightsreforged-1.19.2_v1.4.0.jar with languages [LanguageSpec[languageName=javafml, acceptedVersions=[36,)]]
[27Apr2026 22:09:21.245] [main/DEBUG] [net.minecraftforge.fml.loading.moddiscovery.ModFileParser/LOADING]: Considering mod file candidate /workspaces/improved-giggle/servidor_minecraft/mods/saturn-mc1.19.2-0.1.4.jar
[27Apr2026 22:09:21.246] [main/DEBUG] [net.minecraftforge.fml.loading.moddiscovery.ModFileInfo/LOADING]: Found valid mod file saturn-mc1.19.2-0.1.4.jar with {saturn} mods - versions {0.1.4}
[27Apr2026 22:09:21.246] [main/DEBUG] [net.minecraftforge.fml.loading.moddiscovery.ModFile/LOADING]: Loading mod file /workspaces/improved-giggle/servidor_minecraft/mods/saturn-mc1.19.2-0.1.4.jar with languages [LanguageSpec[languageName=javafml, acceptedVersions=[43,)]]
[27Apr2026 22:09:21.246] [main/DEBUG] [net.minecraftforge.fml.loading.moddiscovery.ModFileParser/LOADING]: Considering mod file candidate /workspaces/improved-giggle/servidor_minecraft/mods/weaponmaster_ydm-forge-1.19.2-4.2.3.jar
[27Apr2026 22:09:21.247] [main/DEBUG] [net.minecraftforge.fml.loading.moddiscovery.ModFileInfo/LOADING]: Found valid mod file weaponmaster_ydm-forge-1.19.2-4.2.3.jar with {weaponmaster_ydm} mods - versions {4.2.3}
[27Apr2026 22:09:21.247] [main/DEBUG] [net.minecraftforge.fml.loading.moddiscovery.ModFile/LOADING]: Loading mod file /workspaces/improved-giggle/servidor_minecraft/mods/weaponmaster_ydm-forge-1.19.2-4.2.3.jar with languages [LanguageSpec[languageName=javafml, acceptedVersions=[30,)]]
[27Apr2026 22:09:21.247] [main/DEBUG] [net.minecraftforge.fml.loading.moddiscovery.ModFileParser/LOADING]: Considering mod file candidate /workspaces/improved-giggle/servidor_minecraft/mods/notenoughcrashes-5.0.0+1.19.2-forge.jar
[27Apr2026 22:09:21.247] [main/DEBUG] [net.minecraftforge.fml.loading.moddiscovery.ModFileInfo/LOADING]: Found valid mod file notenoughcrashes-5.0.0+1.19.2-forge.jar with {notenoughcrashes} mods - versions {5.0.0+1.19.2}
[27Apr2026 22:09:21.248] [main/DEBUG] [net.minecraftforge.fml.loading.moddiscovery.ModFile/LOADING]: Loading mod file /workspaces/improved-giggle/servidor_minecraft/mods/notenoughcrashes-5.0.0+1.19.2-forge.jar with languages [LanguageSpec[languageName=javafml, acceptedVersions=[35,)]]
[27Apr2026 22:09:21.248] [main/DEBUG] [net.minecraftforge.fml.loading.moddiscovery.ModFileParser/LOADING]: Considering mod file candidate /workspaces/improved-giggle/servidor_minecraft/mods/YungsBetterDungeons-1.19.2-Forge-3.2.2.jar
[27Apr2026 22:09:21.248] [main/DEBUG] [net.minecraftforge.fml.loading.moddiscovery.ModFileInfo/LOADING]: Found valid mod file YungsBetterDungeons-1.19.2-Forge-3.2.2.jar with {betterdungeons} mods - versions {1.19.2-Forge-3.2.2}
[27Apr2026 22:09:21.248] [main/DEBUG] [net.minecraftforge.fml.loading.moddiscovery.ModFile/LOADING]: Loading mod file /workspaces/improved-giggle/servidor_minecraft/mods/YungsBetterDungeons-1.19.2-Forge-3.2.2.jar with languages [LanguageSpec[languageName=javafml, acceptedVersions=[43,)]]
[27Apr2026 22:09:21.248] [main/DEBUG] [net.minecraftforge.fml.loading.moddiscovery.ModFileParser/LOADING]: Considering mod file candidate /workspaces/improved-giggle/servidor_minecraft/mods/v_slab_compat-1.19.2-1.9.jar
[27Apr2026 22:09:21.249] [main/DEBUG] [net.minecraftforge.fml.loading.moddiscovery.ModFileInfo/LOADING]: Found valid mod file v_slab_compat-1.19.2-1.9.jar with {v_slab_compat} mods - versions {1.19.2-1.9}
[27Apr2026 22:09:21.249] [main/DEBUG] [net.minecraftforge.fml.loading.moddiscovery.ModFile/LOADING]: Loading mod file /workspaces/improved-giggle/servidor_minecraft/mods/v_slab_compat-1.19.2-1.9.jar with languages [LanguageSpec[languageName=javafml, acceptedVersions=[40,)]]
[27Apr2026 22:09:21.249] [main/DEBUG] [net.minecraftforge.fml.loading.moddiscovery.ModFileParser/LOADING]: Considering mod file candidate /workspaces/improved-giggle/servidor_minecraft/mods/ParCool-CompatibilityAddon-1.19.2-3.4.1.5-1.0.jar
[27Apr2026 22:09:21.249] [main/DEBUG] [net.minecraftforge.fml.loading.moddiscovery.ModFileInfo/LOADING]: Found valid mod file ParCool-CompatibilityAddon-1.19.2-3.4.1.5-1.0.jar with {parcool_compat_addon} mods - versions {1.0}
[27Apr2026 22:09:21.250] [main/DEBUG] [net.minecraftforge.fml.loading.moddiscovery.ModFile/LOADING]: Loading mod file /workspaces/improved-giggle/servidor_minecraft/mods/ParCool-CompatibilityAddon-1.19.2-3.4.1.5-1.0.jar with languages [LanguageSpec[languageName=javafml, acceptedVersions=[36,)]]
[27Apr2026 22:09:21.250] [main/DEBUG] [net.minecraftforge.fml.loading.moddiscovery.ModFileParser/LOADING]: Considering mod file candidate 
[27Apr2026 22:09:21.250] [main/DEBUG] [net.minecraftforge.fml.loading.moddiscovery.ModFileInfo/LOADING]: Found valid mod file satin-forge-1.19.2+1.12.3.jar with {satin} mods - versions {1.19.2+1.12.3}
[27Apr2026 22:09:21.250] [main/DEBUG] [net.minecraftforge.fml.loading.moddiscovery.ModFile/LOADING]: Loading mod file  with languages [LanguageSpec[languageName=javafml, acceptedVersions=*]]
[27Apr2026 22:09:21.250] [main/DEBUG] [net.minecraftforge.fml.loading.moddiscovery.ModFileParser/LOADING]: Considering mod file candidate /workspaces/improved-giggle/servidor_minecraft/mods/signal_flares-1.6.1-forge-1.19.2.jar
[27Apr2026 22:09:21.251] [main/DEBUG] [net.minecraftforge.fml.loading.moddiscovery.ModFileInfo/LOADING]: Found valid mod file signal_flares-1.6.1-forge-1.19.2.jar with {signal_flares} mods - versions {1.6.1}
[27Apr2026 22:09:21.251] [main/DEBUG] [net.minecraftforge.fml.loading.moddiscovery.ModFile/LOADING]: Loading mod file /workspaces/improved-giggle/servidor_minecraft/mods/signal_flares-1.6.1-forge-1.19.2.jar with languages [LanguageSpec[languageName=javafml, acceptedVersions=[43,)]]
[27Apr2026 22:09:21.251] [main/DEBUG] [net.minecraftforge.fml.loading.moddiscovery.ModFileParser/LOADING]: Considering mod file candidate /workspaces/improved-giggle/servidor_minecraft/mods/zaynens_craftable_slimeball_mod_1.19.2.jar
[27Apr2026 22:09:21.251] [main/DEBUG] [net.minecraftforge.fml.loading.moddiscovery.ModFileInfo/LOADING]: Found valid mod file zaynens_craftable_slimeball_mod_1.19.2.jar with {craftable_slimeball} mods - versions {1.0.0}
[27Apr2026 22:09:21.251] [main/DEBUG] [net.minecraftforge.fml.loading.moddiscovery.ModFile/LOADING]: Loading mod file /workspaces/improved-giggle/servidor_minecraft/mods/zaynens_craftable_slimeball_mod_1.19.2.jar with languages [LanguageSpec[languageName=javafml, acceptedVersions=[43,)]]
[27Apr2026 22:09:21.251] [main/DEBUG] [net.minecraftforge.fml.loading.moddiscovery.ModFileParser/LOADING]: Considering mod file candidate /workspaces/improved-giggle/servidor_minecraft/mods/player-animation-lib-forge-1.0.2.jar
[27Apr2026 22:09:21.251] [main/DEBUG] [net.minecraftforge.fml.loading.moddiscovery.ModFileInfo/LOADING]: Found valid mod file player-animation-lib-forge-1.0.2.jar with {playeranimator} mods - versions {1.0.2}
[27Apr2026 22:09:21.252] [main/DEBUG] [net.minecraftforge.fml.loading.moddiscovery.ModFile/LOADING]: Loading mod file /workspaces/improved-giggle/servidor_minecraft/mods/player-animation-lib-forge-1.0.2.jar with languages [LanguageSpec[languageName=javafml, acceptedVersions=[37.1.1,)]]
[27Apr2026 22:09:21.252] [main/DEBUG] [net.minecraftforge.fml.loading.moddiscovery.ModFileParser/LOADING]: Considering mod file candidate /workspaces/improved-giggle/servidor_minecraft/mods/zaynens_flint_from_gravel_mod_1.19.2.jar
[27Apr2026 22:09:21.252] [main/DEBUG] [net.minecraftforge.fml.loading.moddiscovery.ModFileInfo/LOADING]: Found valid mod file zaynens_flint_from_gravel_mod_1.19.2.jar with {flintfromgravel} mods - versions {1.0.0}
[27Apr2026 22:09:21.252] [main/DEBUG] [net.minecraftforge.fml.loading.moddiscovery.ModFile/LOADING]: Loading mod file /workspaces/improved-giggle/servidor_minecraft/mods/zaynens_flint_from_gravel_mod_1.19.2.jar with languages [LanguageSpec[languageName=javafml, acceptedVersions=[43,)]]
[27Apr2026 22:09:21.252] [main/DEBUG] [net.minecraftforge.fml.loading.moddiscovery.ModFileParser/LOADING]: Considering mod file candidate /workspaces/improved-giggle/servidor_minecraft/mods/ObsidianUI-forge-0.2.3+mc1.19.2.jar
[27Apr2026 22:09:21.253] [main/DEBUG] [net.minecraftforge.fml.loading.moddiscovery.ModFileInfo/LOADING]: Found valid mod file ObsidianUI-forge-0.2.3+mc1.19.2.jar with {obsidianui} mods - versions {0.2.3+mc1.19.2}
[27Apr2026 22:09:21.253] [main/DEBUG] [net.minecraftforge.fml.loading.moddiscovery.ModFile/LOADING]: Loading mod file /workspaces/improved-giggle/servidor_minecraft/mods/ObsidianUI-forge-0.2.3+mc1.19.2.jar with languages [LanguageSpec[languageName=javafml, acceptedVersions=[43,)]]
[27Apr2026 22:09:21.253] [main/DEBUG] [net.minecraftforge.fml.loading.moddiscovery.ModFileParser/LOADING]: Considering mod file candidate /workspaces/improved-giggle/servidor_minecraft/mods/auditory-0.0.5-1.19.2.jar
[27Apr2026 22:09:21.253] [main/DEBUG] [net.minecraftforge.fml.loading.moddiscovery.ModFileInfo/LOADING]: Found valid mod file auditory-0.0.5-1.19.2.jar with {auditory} mods - versions {0.0.5-1.19.2}
[27Apr2026 22:09:21.253] [main/DEBUG] [net.minecraftforge.fml.loading.moddiscovery.ModFile/LOADING]: Loading mod file /workspaces/improved-giggle/servidor_minecraft/mods/auditory-0.0.5-1.19.2.jar with languages [LanguageSpec[languageName=javafml, acceptedVersions=[43,)]]
[27Apr2026 22:09:21.253] [main/DEBUG] [net.minecraftforge.fml.loading.moddiscovery.ModFileParser/LOADING]: Considering mod file candidate /workspaces/improved-giggle/servidor_minecraft/mods/MultiMine-1.19.2.5.jar
[27Apr2026 22:09:21.254] [main/DEBUG] [net.minecraftforge.fml.loading.moddiscovery.ModFileInfo/LOADING]: Found valid mod file MultiMine-1.19.2.5.jar with {multimine} mods - versions {1.19.2.5}
[27Apr2026 22:09:21.254] [main/DEBUG] [net.minecraftforge.fml.loading.moddiscovery.ModFile/LOADING]: Loading mod file /workspaces/improved-giggle/servidor_minecraft/mods/MultiMine-1.19.2.5.jar with languages [LanguageSpec[languageName=javafml, acceptedVersions=[39,)]]
[27Apr2026 22:09:21.254] [main/DEBUG] [net.minecraftforge.fml.loading.moddiscovery.ModFileParser/LOADING]: Considering mod file candidate /workspaces/improved-giggle/servidor_minecraft/mods/rubidium-mc1.19.2-0.6.2c.jar
[27Apr2026 22:09:21.254] [main/DEBUG] [net.minecraftforge.fml.loading.moddiscovery.ModFileInfo/LOADING]: Found valid mod file rubidium-mc1.19.2-0.6.2c.jar with {rubidium} mods - versions {0.6.2c}
[27Apr2026 22:09:21.255] [main/DEBUG] [net.minecraftforge.fml.loading.moddiscovery.ModFile/LOADING]: Loading mod file /workspaces/improved-giggle/servidor_minecraft/mods/rubidium-mc1.19.2-0.6.2c.jar with languages [LanguageSpec[languageName=javafml, acceptedVersions=[39,)]]
[27Apr2026 22:09:21.255] [main/DEBUG] [net.minecraftforge.fml.loading.moddiscovery.ModFileParser/LOADING]: Considering mod file candidate /workspaces/improved-giggle/servidor_minecraft/mods/sound-physics-remastered-forge-1.19.2-1.4.5.jar
[27Apr2026 22:09:21.255] [main/DEBUG] [net.minecraftforge.fml.loading.moddiscovery.ModFileInfo/LOADING]: Found valid mod file sound-physics-remastered-forge-1.19.2-1.4.5.jar with {sound_physics_remastered} mods - versions {1.19.2-1.4.5}
[27Apr2026 22:09:21.255] [main/DEBUG] [net.minecraftforge.fml.loading.moddiscovery.ModFile/LOADING]: Loading mod file /workspaces/improved-giggle/servidor_minecraft/mods/sound-physics-remastered-forge-1.19.2-1.4.5.jar with languages [LanguageSpec[languageName=javafml, acceptedVersions=*]]
[27Apr2026 22:09:21.255] [main/DEBUG] [net.minecraftforge.fml.loading.moddiscovery.ModFileParser/LOADING]: Considering mod file candidate /workspaces/improved-giggle/servidor_minecraft/mods/Stony Cliffs FML v1.1.2.jar
[27Apr2026 22:09:21.256] [main/DEBUG] [net.minecraftforge.fml.loading.moddiscovery.ModFileInfo/LOADING]: Found valid mod file Stony Cliffs FML v1.1.2.jar with {stonycliffs} mods - versions {1.1.2}
[27Apr2026 22:09:21.256] [main/DEBUG] [net.minecraftforge.fml.loading.moddiscovery.ModFile/LOADING]: Loading mod file /workspaces/improved-giggle/servidor_minecraft/mods/Stony Cliffs FML v1.1.2.jar with languages [LanguageSpec[languageName=lowcodefml, acceptedVersions=[1,)]]
[27Apr2026 22:09:21.256] [main/DEBUG] [net.minecraftforge.fml.loading.moddiscovery.ModFileParser/LOADING]: Considering mod file candidate /workspaces/improved-giggle/servidor_minecraft/mods/connectedness-2.0.1a.jar
[27Apr2026 22:09:21.256] [main/DEBUG] [net.minecraftforge.fml.loading.moddiscovery.ModFileInfo/LOADING]: Found valid mod file connectedness-2.0.1a.jar with {connectedness} mods - versions {2.0.1a}
[27Apr2026 22:09:21.256] [main/DEBUG] [net.minecraftforge.fml.loading.moddiscovery.ModFile/LOADING]: Loading mod file /workspaces/improved-giggle/servidor_minecraft/mods/connectedness-2.0.1a.jar with languages [LanguageSpec[languageName=javafml, acceptedVersions=[39,)]]
[27Apr2026 22:09:21.256] [main/DEBUG] [net.minecraftforge.fml.loading.moddiscovery.ModFileParser/LOADING]: Considering mod file candidate /workspaces/improved-giggle/servidor_minecraft/mods/darkness-forge-mc119-2.0.101.jar
[27Apr2026 22:09:21.257] [main/DEBUG] [net.minecraftforge.fml.loading.moddiscovery.ModFileInfo/LOADING]: Found valid mod file darkness-forge-mc119-2.0.101.jar with {darkness} mods - versions {2.0.101}
[27Apr2026 22:09:21.257] [main/DEBUG] [net.minecraftforge.fml.loading.moddiscovery.ModFile/LOADING]: Loading mod file /workspaces/improved-giggle/servidor_minecraft/mods/darkness-forge-mc119-2.0.101.jar with languages [LanguageSpec[languageName=javafml, acceptedVersions=[43,)]]
[27Apr2026 22:09:21.257] [main/DEBUG] [net.minecraftforge.fml.loading.moddiscovery.ModFileParser/LOADING]: Considering mod file candidate /workspaces/improved-giggle/servidor_minecraft/mods/EnhancedVisuals_FORGE_v1.5.11_mc1.19.2.jar
[27Apr2026 22:09:21.257] [main/DEBUG] [net.minecraftforge.fml.loading.moddiscovery.ModFileInfo/LOADING]: Found valid mod file EnhancedVisuals_FORGE_v1.5.11_mc1.19.2.jar with {enhancedvisuals} mods - versions {1.5.11}
[27Apr2026 22:09:21.257] [main/DEBUG] [net.minecraftforge.fml.loading.moddiscovery.ModFile/LOADING]: Loading mod file /workspaces/improved-giggle/servidor_minecraft/mods/EnhancedVisuals_FORGE_v1.5.11_mc1.19.2.jar with languages [LanguageSpec[languageName=javafml, acceptedVersions=[43,)]]
[27Apr2026 22:09:21.258] [main/DEBUG] [net.minecraftforge.fml.loading.moddiscovery.ModFileParser/LOADING]: Considering mod file candidate /workspaces/improved-giggle/servidor_minecraft/mods/bloodbits-2.0.1-forge-1.19.2.jar
[27Apr2026 22:09:21.258] [main/DEBUG] [net.minecraftforge.fml.loading.moddiscovery.ModFileInfo/LOADING]: Found valid mod file bloodbits-2.0.1-forge-1.19.2.jar with {bloodbits} mods - versions {2.0.1}
[27Apr2026 22:09:21.258] [main/DEBUG] [net.minecraftforge.fml.loading.moddiscovery.ModFile/LOADING]: Loading mod file /workspaces/improved-giggle/servidor_minecraft/mods/bloodbits-2.0.1-forge-1.19.2.jar with languages [LanguageSpec[languageName=javafml, acceptedVersions=[43,)]]
[27Apr2026 22:09:21.258] [main/DEBUG] [net.minecraftforge.fml.loading.moddiscovery.ModFileParser/LOADING]: Considering mod file candidate /workspaces/improved-giggle/servidor_minecraft/mods/modernfix-forge-5.18.1+mc1.19.2.jar
[27Apr2026 22:09:21.259] [main/DEBUG] [net.minecraftforge.fml.loading.moddiscovery.ModFileInfo/LOADING]: Found valid mod file modernfix-forge-5.18.1+mc1.19.2.jar with {modernfix} mods - versions {5.18.1+mc1.19.2}
[27Apr2026 22:09:21.259] [main/DEBUG] [net.minecraftforge.fml.loading.moddiscovery.ModFile/LOADING]: Loading mod file /workspaces/improved-giggle/servidor_minecraft/mods/modernfix-forge-5.18.1+mc1.19.2.jar with languages [LanguageSpec[languageName=javafml, acceptedVersions=[43,)]]
[27Apr2026 22:09:21.259] [main/DEBUG] [net.minecraftforge.fml.loading.moddiscovery.ModFileParser/LOADING]: Considering mod file candidate /workspaces/improved-giggle/servidor_minecraft/mods/Prism-1.19.1-1.0.2.jar
[27Apr2026 22:09:21.259] [main/DEBUG] [net.minecraftforge.fml.loading.moddiscovery.ModFileInfo/LOADING]: Found valid mod file Prism-1.19.1-1.0.2.jar with {prism} mods - versions {1.0.2}
[27Apr2026 22:09:21.259] [main/DEBUG] [net.minecraftforge.fml.loading.moddiscovery.ModFile/LOADING]: Loading mod file /workspaces/improved-giggle/servidor_minecraft/mods/Prism-1.19.1-1.0.2.jar with languages [LanguageSpec[languageName=javafml, acceptedVersions=[41,)]]
[27Apr2026 22:09:21.259] [main/DEBUG] [net.minecraftforge.fml.loading.moddiscovery.ModFileParser/LOADING]: Considering mod file candidate /workspaces/improved-giggle/servidor_minecraft/mods/YungsApi-1.19.2-Forge-3.8.10.jar
[27Apr2026 22:09:21.260] [main/DEBUG] [net.minecraftforge.fml.loading.moddiscovery.ModFileInfo/LOADING]: Found valid mod file YungsApi-1.19.2-Forge-3.8.10.jar with {yungsapi} mods - versions {1.19.2-Forge-3.8.10}
[27Apr2026 22:09:21.260] [main/DEBUG] [net.minecraftforge.fml.loading.moddiscovery.ModFile/LOADING]: Loading mod file /workspaces/improved-giggle/servidor_minecraft/mods/YungsApi-1.19.2-Forge-3.8.10.jar with languages [LanguageSpec[languageName=javafml, acceptedVersions=[43,)]]
[27Apr2026 22:09:21.260] [main/DEBUG] [net.minecraftforge.fml.loading.moddiscovery.ModFileParser/LOADING]: Considering mod file candidate /workspaces/improved-giggle/servidor_minecraft/mods/EasySaplings-1.19.2-1.0.7-[FORGE].jar
[27Apr2026 22:09:21.261] [main/DEBUG] [net.minecraftforge.fml.loading.moddiscovery.ModFileInfo/LOADING]: Found valid mod file EasySaplings-1.19.2-1.0.7-[FORGE].jar with {easysaplings} mods - versions {1.0.7-[FORGE]}
[27Apr2026 22:09:21.261] [main/DEBUG] [net.minecraftforge.fml.loading.moddiscovery.ModFile/LOADING]: Loading mod file /workspaces/improved-giggle/servidor_minecraft/mods/EasySaplings-1.19.2-1.0.7-[FORGE].jar with languages [LanguageSpec[languageName=javafml, acceptedVersions=[43,)]]
[27Apr2026 22:09:21.261] [main/DEBUG] [net.minecraftforge.fml.loading.moddiscovery.ModFileParser/LOADING]: Considering mod file candidate /workspaces/improved-giggle/servidor_minecraft/mods/guardvillagers-1.19.2-1.5.9.jar
[27Apr2026 22:09:21.261] [main/DEBUG] [net.minecraftforge.fml.loading.moddiscovery.ModFileInfo/LOADING]: Found valid mod file guardvillagers-1.19.2-1.5.9.jar with {guardvillagers} mods - versions {1.19.2-1.5.9}
[27Apr2026 22:09:21.261] [main/DEBUG] [net.minecraftforge.fml.loading.moddiscovery.ModFile/LOADING]: Loading mod file /workspaces/improved-giggle/servidor_minecraft/mods/guardvillagers-1.19.2-1.5.9.jar with languages [LanguageSpec[languageName=javafml, acceptedVersions=[43,)]]
[27Apr2026 22:09:21.261] [main/DEBUG] [net.minecraftforge.fml.loading.moddiscovery.ModFileParser/LOADING]: Considering mod file candidate /workspaces/improved-giggle/servidor_minecraft/mods/Better Cave Dweller-1.19.2.jar
[27Apr2026 22:09:21.262] [main/DEBUG] [net.minecraftforge.fml.loading.moddiscovery.ModFileInfo/LOADING]: Found valid mod file Better Cave Dweller-1.19.2.jar with {cave_dweller} mods - versions {1.7.0}
[27Apr2026 22:09:21.262] [main/DEBUG] [net.minecraftforge.fml.loading.moddiscovery.ModFile/LOADING]: Loading mod file /workspaces/improved-giggle/servidor_minecraft/mods/Better Cave Dweller-1.19.2.jar with languages [LanguageSpec[languageName=javafml, acceptedVersions=[43,)]]
[27Apr2026 22:09:21.262] [main/DEBUG] [net.minecraftforge.fml.loading.moddiscovery.ModFileParser/LOADING]: Considering mod file candidate /workspaces/improved-giggle/servidor_minecraft/mods/fragiletorches-1.19-1.0.2.jar
[27Apr2026 22:09:21.262] [main/DEBUG] [net.minecraftforge.fml.loading.moddiscovery.ModFileInfo/LOADING]: Found valid mod file fragiletorches-1.19-1.0.2.jar with {fragiletorches} mods - versions {1.19-1.0.2}
[27Apr2026 22:09:21.263] [main/DEBUG] [net.minecraftforge.fml.loading.moddiscovery.ModFile/LOADING]: Loading mod file /workspaces/improved-giggle/servidor_minecraft/mods/fragiletorches-1.19-1.0.2.jar with languages [LanguageSpec[languageName=javafml, acceptedVersions=[26,)]]
[27Apr2026 22:09:21.263] [main/DEBUG] [net.minecraftforge.fml.loading.moddiscovery.ModFileParser/LOADING]: Considering mod file candidate /workspaces/improved-giggle/servidor_minecraft/mods/Rex's-AdditionalStructures-1.19.x-(v.4.0.4).jar
[27Apr2026 22:09:21.263] [main/DEBUG] [net.minecraftforge.fml.loading.moddiscovery.ModFileInfo/LOADING]: Found valid mod file Rex's-AdditionalStructures-1.19.x-(v.4.0.4).jar with {additionalstructures} mods - versions {4.0.4}
[27Apr2026 22:09:21.263] [main/DEBUG] [net.minecraftforge.fml.loading.moddiscovery.ModFile/LOADING]: Loading mod file /workspaces/improved-giggle/servidor_minecraft/mods/Rex's-AdditionalStructures-1.19.x-(v.4.0.4).jar with languages [LanguageSpec[languageName=javafml, acceptedVersions=[41,)]]
[27Apr2026 22:09:21.263] [main/DEBUG] [net.minecraftforge.fml.loading.moddiscovery.ModFileParser/LOADING]: Considering mod file candidate /workspaces/improved-giggle/servidor_minecraft/mods/balm-forge-1.19.2-4.6.0.jar
[27Apr2026 22:09:21.264] [main/DEBUG] [net.minecraftforge.fml.loading.moddiscovery.ModFileInfo/LOADING]: Found valid mod file balm-forge-1.19.2-4.6.0.jar with {balm} mods - versions {4.6.0}
[27Apr2026 22:09:21.264] [main/DEBUG] [net.minecraftforge.fml.loading.moddiscovery.ModFile/LOADING]: Loading mod file /workspaces/improved-giggle/servidor_minecraft/mods/balm-forge-1.19.2-4.6.0.jar with languages [LanguageSpec[languageName=javafml, acceptedVersions=[41,)]]
[27Apr2026 22:09:21.264] [main/DEBUG] [net.minecraftforge.fml.loading.moddiscovery.ModFileParser/LOADING]: Considering mod file candidate /workspaces/improved-giggle/servidor_minecraft/mods/carryon-forge-1.19.2-2.1.2.23.jar
[27Apr2026 22:09:21.264] [main/DEBUG] [net.minecraftforge.fml.loading.moddiscovery.ModFileInfo/LOADING]: Found valid mod file carryon-forge-1.19.2-2.1.2.23.jar with {carryon} mods - versions {2.1.2.23}
[27Apr2026 22:09:21.264] [main/DEBUG] [net.minecraftforge.fml.loading.moddiscovery.ModFile/LOADING]: Loading mod file /workspaces/improved-giggle/servidor_minecraft/mods/carryon-forge-1.19.2-2.1.2.23.jar with languages [LanguageSpec[languageName=javafml, acceptedVersions=[43,)]]
[27Apr2026 22:09:21.264] [main/DEBUG] [net.minecraftforge.fml.loading.moddiscovery.ModFileParser/LOADING]: Considering mod file candidate /workspaces/improved-giggle/servidor_minecraft/mods/melody_forge_1.0.1_MC_1.19.2.jar
[27Apr2026 22:09:21.265] [main/DEBUG] [net.minecraftforge.fml.loading.moddiscovery.ModFileInfo/LOADING]: Found valid mod file melody_forge_1.0.1_MC_1.19.2.jar with {melody} mods - versions {1.0.1}
[27Apr2026 22:09:21.265] [main/DEBUG] [net.minecraftforge.fml.loading.moddiscovery.ModFile/LOADING]: Loading mod file /workspaces/improved-giggle/servidor_minecraft/mods/melody_forge_1.0.1_MC_1.19.2.jar with languages [LanguageSpec[languageName=javafml, acceptedVersions=[43,)]]
[27Apr2026 22:09:21.265] [main/DEBUG] [net.minecraftforge.fml.loading.moddiscovery.ModFileParser/LOADING]: Considering mod file candidate /workspaces/improved-giggle/servidor_minecraft/mods/spelunkery-1.19.2-0.2.6-forge.jar
[27Apr2026 22:09:21.265] [main/DEBUG] [net.minecraftforge.fml.loading.moddiscovery.ModFileInfo/LOADING]: Found valid mod file spelunkery-1.19.2-0.2.6-forge.jar with {spelunkery} mods - versions {1.19.2-0.2.6}
[27Apr2026 22:09:21.265] [main/DEBUG] [net.minecraftforge.fml.loading.moddiscovery.ModFile/LOADING]: Loading mod file /workspaces/improved-giggle/servidor_minecraft/mods/spelunkery-1.19.2-0.2.6-forge.jar with languages [LanguageSpec[languageName=javafml, acceptedVersions=[40,)]]
[27Apr2026 22:09:21.265] [main/DEBUG] [net.minecraftforge.fml.loading.moddiscovery.ModFileParser/LOADING]: Considering mod file candidate /workspaces/improved-giggle/servidor_minecraft/mods/CameraOverhaul-v2.0.5-forge+mc[1.19.0-1.19.2].jar
[27Apr2026 22:09:21.266] [main/DEBUG] [net.minecraftforge.fml.loading.moddiscovery.ModFileInfo/LOADING]: Found valid mod file CameraOverhaul-v2.0.5-forge+mc[1.19.0-1.19.2].jar with {cameraoverhaul} mods - versions {2.0.5-forge+mc.1.19.0-1.19.2}
[27Apr2026 22:09:21.266] [main/DEBUG] [net.minecraftforge.fml.loading.moddiscovery.ModFile/LOADING]: Loading mod file /workspaces/improved-giggle/servidor_minecraft/mods/CameraOverhaul-v2.0.5-forge+mc[1.19.0-1.19.2].jar with languages [LanguageSpec[languageName=javafml, acceptedVersions=*]]
[27Apr2026 22:09:21.266] [main/DEBUG] [net.minecraftforge.fml.loading.moddiscovery.ModFileParser/LOADING]: Considering mod file candidate /workspaces/improved-giggle/servidor_minecraft/mods/cloth-config-8.3.134-forge.jar
[27Apr2026 22:09:21.266] [main/DEBUG] [net.minecraftforge.fml.loading.moddiscovery.ModFileInfo/LOADING]: Found valid mod file cloth-config-8.3.134-forge.jar with {cloth_config} mods - versions {8.3.134}
[27Apr2026 22:09:21.266] [main/DEBUG] [net.minecraftforge.fml.loading.moddiscovery.ModFile/LOADING]: Loading mod file /workspaces/improved-giggle/servidor_minecraft/mods/cloth-config-8.3.134-forge.jar with languages [LanguageSpec[languageName=javafml, acceptedVersions=[34,)]]
[27Apr2026 22:09:21.267] [main/DEBUG] [net.minecraftforge.fml.loading.moddiscovery.ModFileParser/LOADING]: Considering mod file candidate /workspaces/improved-giggle/servidor_minecraft/mods/biomereplacer-2.1-toad-forge.jar
[27Apr2026 22:09:21.267] [main/DEBUG] [net.minecraftforge.fml.loading.moddiscovery.ModFileInfo/LOADING]: Found valid mod file biomereplacer-2.1-toad-forge.jar with {biome_replacer} mods - versions {2.1-toad}
[27Apr2026 22:09:21.267] [main/DEBUG] [net.minecraftforge.fml.loading.moddiscovery.ModFile/LOADING]: Loading mod file /workspaces/improved-giggle/servidor_minecraft/mods/biomereplacer-2.1-toad-forge.jar with languages [LanguageSpec[languageName=javafml, acceptedVersions=*]]
[27Apr2026 22:09:21.267] [main/DEBUG] [net.minecraftforge.fml.loading.moddiscovery.ModFileParser/LOADING]: Considering mod file candidate /workspaces/improved-giggle/servidor_minecraft/mods/konkrete_forge_1.8.0_MC_1.19-1.19.2.jar
[27Apr2026 22:09:21.267] [main/DEBUG] [net.minecraftforge.fml.loading.moddiscovery.ModFileInfo/LOADING]: Found valid mod file konkrete_forge_1.8.0_MC_1.19-1.19.2.jar with {konkrete} mods - versions {1.8.0}
[27Apr2026 22:09:21.267] [main/DEBUG] [net.minecraftforge.fml.loading.moddiscovery.ModFile/LOADING]: Loading mod file /workspaces/improved-giggle/servidor_minecraft/mods/konkrete_forge_1.8.0_MC_1.19-1.19.2.jar with languages [LanguageSpec[languageName=javafml, acceptedVersions=[41,)]]
[27Apr2026 22:09:21.268] [main/DEBUG] [net.minecraftforge.fml.loading.moddiscovery.ModFileParser/LOADING]: Considering mod file candidate /workspaces/improved-giggle/servidor_minecraft/mods/TheOneWhoWatches-V1.4.3-1.19.2.jar
[27Apr2026 22:09:21.268] [main/DEBUG] [net.minecraftforge.fml.loading.moddiscovery.ModFileInfo/LOADING]: Found valid mod file TheOneWhoWatches-V1.4.3-1.19.2.jar with {the_one_who_watches} mods - versions {1.4.2}
[27Apr2026 22:09:21.268] [main/DEBUG] [net.minecraftforge.fml.loading.moddiscovery.ModFile/LOADING]: Loading mod file /workspaces/improved-giggle/servidor_minecraft/mods/TheOneWhoWatches-V1.4.3-1.19.2.jar with languages [LanguageSpec[languageName=javafml, acceptedVersions=[43,)]]
[27Apr2026 22:09:21.268] [main/DEBUG] [net.minecraftforge.fml.loading.moddiscovery.ModFileParser/LOADING]: Considering mod file candidate /workspaces/improved-giggle/servidor_minecraft/mods/corpse-forge-1.19.2-1.0.17.jar
[27Apr2026 22:09:21.269] [main/DEBUG] [net.minecraftforge.fml.loading.moddiscovery.ModFileInfo/LOADING]: Found valid mod file corpse-forge-1.19.2-1.0.17.jar with {corpse} mods - versions {1.19.2-1.0.17}
[27Apr2026 22:09:21.269] [main/DEBUG] [net.minecraftforge.fml.loading.moddiscovery.ModFile/LOADING]: Loading mod file /workspaces/improved-giggle/servidor_minecraft/mods/corpse-forge-1.19.2-1.0.17.jar with languages [LanguageSpec[languageName=javafml, acceptedVersions=*]]
[27Apr2026 22:09:21.269] [main/DEBUG] [net.minecraftforge.fml.loading.moddiscovery.ModFileParser/LOADING]: Considering mod file candidate /workspaces/improved-giggle/servidor_minecraft/mods/entity_model_features_forge_1.19.2-2.0.2.jar
[27Apr2026 22:09:21.269] [main/DEBUG] [net.minecraftforge.fml.loading.moddiscovery.ModFileInfo/LOADING]: Found valid mod file entity_model_features_forge_1.19.2-2.0.2.jar with {entity_model_features} mods - versions {2.0.2}
[27Apr2026 22:09:21.270] [main/DEBUG] [net.minecraftforge.fml.loading.moddiscovery.ModFile/LOADING]: Loading mod file /workspaces/improved-giggle/servidor_minecraft/mods/entity_model_features_forge_1.19.2-2.0.2.jar with languages [LanguageSpec[languageName=javafml, acceptedVersions=[43,)]]
[27Apr2026 22:09:21.270] [main/DEBUG] [net.minecraftforge.fml.loading.moddiscovery.ModFileParser/LOADING]: Considering mod file candidate /workspaces/improved-giggle/servidor_minecraft/mods/FarmersDelight-1.19.2-1.2.4.jar
[27Apr2026 22:09:21.270] [main/DEBUG] [net.minecraftforge.fml.loading.moddiscovery.ModFileInfo/LOADING]: Found valid mod file FarmersDelight-1.19.2-1.2.4.jar with {farmersdelight} mods - versions {1.19.2-1.2.4}
[27Apr2026 22:09:21.270] [main/DEBUG] [net.minecraftforge.fml.loading.moddiscovery.ModFile/LOADING]: Loading mod file /workspaces/improved-giggle/servidor_minecraft/mods/FarmersDelight-1.19.2-1.2.4.jar with languages [LanguageSpec[languageName=javafml, acceptedVersions=[41,)]]
[27Apr2026 22:09:21.271] [main/DEBUG] [net.minecraftforge.fml.loading.moddiscovery.ModFileParser/LOADING]: Considering mod file candidate /workspaces/improved-giggle/servidor_minecraft/mods/entity_texture_features_forge_1.19.2-6.0.1.jar
[27Apr2026 22:09:21.271] [main/DEBUG] [net.minecraftforge.fml.loading.moddiscovery.ModFileInfo/LOADING]: Found valid mod file entity_texture_features_forge_1.19.2-6.0.1.jar with {entity_texture_features} mods - versions {6.0.1}
[27Apr2026 22:09:21.271] [main/DEBUG] [net.minecraftforge.fml.loading.moddiscovery.ModFile/LOADING]: Loading mod file /workspaces/improved-giggle/servidor_minecraft/mods/entity_texture_features_forge_1.19.2-6.0.1.jar with languages [LanguageSpec[languageName=javafml, acceptedVersions=[41,)]]
[27Apr2026 22:09:21.271] [main/DEBUG] [net.minecraftforge.fml.loading.moddiscovery.ModFileParser/LOADING]: Considering mod file candidate /workspaces/improved-giggle/servidor_minecraft/mods/AmbientSounds_FORGE_v5.3.9_mc1.19.2.jar
[27Apr2026 22:09:21.272] [main/DEBUG] [net.minecraftforge.fml.loading.moddiscovery.ModFileInfo/LOADING]: Found valid mod file AmbientSounds_FORGE_v5.3.9_mc1.19.2.jar with {ambientsounds} mods - versions {5.3.9}
[27Apr2026 22:09:21.272] [main/DEBUG] [net.minecraftforge.fml.loading.moddiscovery.ModFile/LOADING]: Loading mod file /workspaces/improved-giggle/servidor_minecraft/mods/AmbientSounds_FORGE_v5.3.9_mc1.19.2.jar with languages [LanguageSpec[languageName=javafml, acceptedVersions=[43,)]]
[27Apr2026 22:09:21.272] [main/DEBUG] [net.minecraftforge.fml.loading.moddiscovery.ModFileParser/LOADING]: Considering mod file candidate /workspaces/improved-giggle/servidor_minecraft/mods/sapling-tweaks-1.jar
[27Apr2026 22:09:21.272] [main/DEBUG] [net.minecraftforge.fml.loading.moddiscovery.ModFileInfo/LOADING]: Found valid mod file sapling-tweaks-1.jar with {mr_sapling_tweaks} mods - versions {1}
[27Apr2026 22:09:21.272] [main/DEBUG] [net.minecraftforge.fml.loading.moddiscovery.ModFile/LOADING]: Loading mod file /workspaces/improved-giggle/servidor_minecraft/mods/sapling-tweaks-1.jar with languages [LanguageSpec[languageName=javafml, acceptedVersions=[25,)]]
[27Apr2026 22:09:21.273] [main/DEBUG] [net.minecraftforge.fml.loading.moddiscovery.ModFileParser/LOADING]: Considering mod file candidate /workspaces/improved-giggle/servidor_minecraft/mods/TheStairwell-forge-1.19.2-1.7.jar
[27Apr2026 22:09:21.273] [main/DEBUG] [net.minecraftforge.fml.loading.moddiscovery.ModFileInfo/LOADING]: Found valid mod file TheStairwell-forge-1.19.2-1.7.jar with {thestairwell} mods - versions {1.0.0}
[27Apr2026 22:09:21.273] [main/DEBUG] [net.minecraftforge.fml.loading.moddiscovery.ModFile/LOADING]: Loading mod file /workspaces/improved-giggle/servidor_minecraft/mods/TheStairwell-forge-1.19.2-1.7.jar with languages [LanguageSpec[languageName=javafml, acceptedVersions=[43,)]]
[27Apr2026 22:09:21.273] [main/DEBUG] [net.minecraftforge.fml.loading.moddiscovery.ModFileParser/LOADING]: Considering mod file candidate /workspaces/improved-giggle/servidor_minecraft/mods/blur-forge-3.1.1+mc1.19.2.jar
[27Apr2026 22:09:21.274] [main/DEBUG] [net.minecraftforge.fml.loading.moddiscovery.ModFileInfo/LOADING]: Found valid mod file blur-forge-3.1.1+mc1.19.2.jar with {blur} mods - versions {3.1.1+mc1.19.2}
[27Apr2026 22:09:21.274] [main/DEBUG] [net.minecraftforge.fml.loading.moddiscovery.ModFile/LOADING]: Loading mod file /workspaces/improved-giggle/servidor_minecraft/mods/blur-forge-3.1.1+mc1.19.2.jar with languages [LanguageSpec[languageName=javafml, acceptedVersions=*]]
[27Apr2026 22:09:21.274] [main/DEBUG] [net.minecraftforge.fml.loading.moddiscovery.ModFileParser/LOADING]: Considering mod file candidate /workspaces/improved-giggle/servidor_minecraft/mods/YouDied-1.19.2-2.1.0.14-forge.jar
[27Apr2026 22:09:21.274] [main/DEBUG] [net.minecraftforge.fml.loading.moddiscovery.ModFileInfo/LOADING]: Found valid mod file YouDied-1.19.2-2.1.0.14-forge.jar with {you_died} mods - versions {2.1.0.14}
[27Apr2026 22:09:21.274] [main/DEBUG] [net.minecraftforge.fml.loading.moddiscovery.ModFile/LOADING]: Loading mod file /workspaces/improved-giggle/servidor_minecraft/mods/YouDied-1.19.2-2.1.0.14-forge.jar with languages [LanguageSpec[languageName=javafml, acceptedVersions=[41,)]]
[27Apr2026 22:09:21.275] [main/DEBUG] [net.minecraftforge.fml.loading.moddiscovery.ModFileParser/LOADING]: Considering mod file candidate /workspaces/improved-giggle/servidor_minecraft/mods/oculus-mc1.19.2-1.6.9a.jar
[27Apr2026 22:09:21.275] [main/DEBUG] [net.minecraftforge.fml.loading.moddiscovery.ModFileInfo/LOADING]: Found valid mod file oculus-mc1.19.2-1.6.9a.jar with {oculus} mods - versions {1.6.9a}
[27Apr2026 22:09:21.275] [main/DEBUG] [net.minecraftforge.fml.loading.moddiscovery.ModFile/LOADING]: Loading mod file /workspaces/improved-giggle/servidor_minecraft/mods/oculus-mc1.19.2-1.6.9a.jar with languages [LanguageSpec[languageName=javafml, acceptedVersions=[43,)]]
[27Apr2026 22:09:21.275] [main/DEBUG] [net.minecraftforge.fml.loading.moddiscovery.ModFileParser/LOADING]: Considering mod file candidate /workspaces/improved-giggle/servidor_minecraft/mods/collective-1.19.2-7.64.jar
[27Apr2026 22:09:21.276] [main/DEBUG] [net.minecraftforge.fml.loading.moddiscovery.ModFileInfo/LOADING]: Found valid mod file collective-1.19.2-7.64.jar with {collective} mods - versions {7.64}
[27Apr2026 22:09:21.276] [main/DEBUG] [net.minecraftforge.fml.loading.moddiscovery.ModFile/LOADING]: Loading mod file /workspaces/improved-giggle/servidor_minecraft/mods/collective-1.19.2-7.64.jar with languages [LanguageSpec[languageName=javafml, acceptedVersions=*]]
[27Apr2026 22:09:21.276] [main/DEBUG] [net.minecraftforge.fml.loading.moddiscovery.ModFileParser/LOADING]: Considering mod file candidate /workspaces/improved-giggle/servidor_minecraft/mods/The-Man-From-The-Fog-1.3-1.19.2.jar
[27Apr2026 22:09:21.276] [main/DEBUG] [net.minecraftforge.fml.loading.moddiscovery.ModFileInfo/LOADING]: Found valid mod file The-Man-From-The-Fog-1.3-1.19.2.jar with {man} mods - versions {1.3}
[27Apr2026 22:09:21.276] [main/DEBUG] [net.minecraftforge.fml.loading.moddiscovery.ModFile/LOADING]: Loading mod file /workspaces/improved-giggle/servidor_minecraft/mods/The-Man-From-The-Fog-1.3-1.19.2.jar with languages [LanguageSpec[languageName=javafml, acceptedVersions=[43,)]]
[27Apr2026 22:09:21.276] [main/DEBUG] [net.minecraftforge.fml.loading.moddiscovery.ModFileParser/LOADING]: Considering mod file candidate /workspaces/improved-giggle/servidor_minecraft/mods/reforgium-1.0.12a.jar
[27Apr2026 22:09:21.277] [main/DEBUG] [net.minecraftforge.fml.loading.moddiscovery.ModFileInfo/LOADING]: Found valid mod file reforgium-1.0.12a.jar with {reforgium} mods - versions {1.0.12a}
[27Apr2026 22:09:21.277] [main/DEBUG] [net.minecraftforge.fml.loading.moddiscovery.ModFile/LOADING]: Loading mod file /workspaces/improved-giggle/servidor_minecraft/mods/reforgium-1.0.12a.jar with languages [LanguageSpec[languageName=javafml, acceptedVersions=[39,)]]
[27Apr2026 22:09:21.277] [main/DEBUG] [net.minecraftforge.fml.loading.moddiscovery.ModFileParser/LOADING]: Considering mod file candidate /workspaces/improved-giggle/servidor_minecraft/mods/editmobdrops-1.19.2-1.4.1.jar
[27Apr2026 22:09:21.277] [main/DEBUG] [net.minecraftforge.fml.loading.moddiscovery.ModFileInfo/LOADING]: Found valid mod file editmobdrops-1.19.2-1.4.1.jar with {editmobdrops} mods - versions {1.4.1}
[27Apr2026 22:09:21.277] [main/DEBUG] [net.minecraftforge.fml.loading.moddiscovery.ModFile/LOADING]: Loading mod file /workspaces/improved-giggle/servidor_minecraft/mods/editmobdrops-1.19.2-1.4.1.jar with languages [LanguageSpec[languageName=javafml, acceptedVersions=[43,)]]
[27Apr2026 22:09:21.277] [main/DEBUG] [net.minecraftforge.fml.loading.moddiscovery.ModFileParser/LOADING]: Considering mod file candidate /workspaces/improved-giggle/servidor_minecraft/mods/ThirstWasTaken-1.19.2-1.3.11.jar
[27Apr2026 22:09:21.278] [main/DEBUG] [net.minecraftforge.fml.loading.moddiscovery.ModFileInfo/LOADING]: Found valid mod file ThirstWasTaken-1.19.2-1.3.11.jar with {thirst} mods - versions {1.19.2-1.3.11}
[27Apr2026 22:09:21.278] [main/DEBUG] [net.minecraftforge.fml.loading.moddiscovery.ModFile/LOADING]: Loading mod file /workspaces/improved-giggle/servidor_minecraft/mods/ThirstWasTaken-1.19.2-1.3.11.jar with languages [LanguageSpec[languageName=javafml, acceptedVersions=[43,)]]
[27Apr2026 22:09:21.278] [main/DEBUG] [net.minecraftforge.fml.loading.moddiscovery.ModFileParser/LOADING]: Considering mod file candidate /workspaces/improved-giggle/servidor_minecraft/mods/starterkit-1.19.2-7.0.jar
[27Apr2026 22:09:21.279] [main/DEBUG] [net.minecraftforge.fml.loading.moddiscovery.ModFileInfo/LOADING]: Found valid mod file starterkit-1.19.2-7.0.jar with {starterkit} mods - versions {7.0}
[27Apr2026 22:09:21.279] [main/DEBUG] [net.minecraftforge.fml.loading.moddiscovery.ModFile/LOADING]: Loading mod file /workspaces/improved-giggle/servidor_minecraft/mods/starterkit-1.19.2-7.0.jar with languages [LanguageSpec[languageName=javafml, acceptedVersions=*]]
[27Apr2026 22:09:21.279] [main/DEBUG] [net.minecraftforge.fml.loading.moddiscovery.ModFileParser/LOADING]: Considering mod file candidate /workspaces/improved-giggle/servidor_minecraft/mods/increasemobcap-1.0-1.19.2.jar
[27Apr2026 22:09:21.279] [main/DEBUG] [net.minecraftforge.fml.loading.moddiscovery.ModFileInfo/LOADING]: Found valid mod file increasemobcap-1.0-1.19.2.jar with {increasemobcap} mods - versions {1.0-1.19.2}
[27Apr2026 22:09:21.279] [main/DEBUG] [net.minecraftforge.fml.loading.moddiscovery.ModFile/LOADING]: Loading mod file /workspaces/improved-giggle/servidor_minecraft/mods/increasemobcap-1.0-1.19.2.jar with languages [LanguageSpec[languageName=javafml, acceptedVersions=[43,)]]
[27Apr2026 22:09:21.280] [main/DEBUG] [net.minecraftforge.fml.loading.moddiscovery.ModFileParser/LOADING]: Considering mod file candidate /workspaces/improved-giggle/servidor_minecraft/mods/cupboard-1.19.2-2.6.jar
[27Apr2026 22:09:21.280] [main/DEBUG] [net.minecraftforge.fml.loading.moddiscovery.ModFileInfo/LOADING]: Found valid mod file cupboard-1.19.2-2.6.jar with {cupboard} mods - versions {1.19.2-2.6}
[27Apr2026 22:09:21.280] [main/DEBUG] [net.minecraftforge.fml.loading.moddiscovery.ModFile/LOADING]: Loading mod file /workspaces/improved-giggle/servidor_minecraft/mods/cupboard-1.19.2-2.6.jar with languages [LanguageSpec[languageName=javafml, acceptedVersions=[36,)]]
[27Apr2026 22:09:21.280] [main/DEBUG] [net.minecraftforge.fml.loading.moddiscovery.ModFileParser/LOADING]: Considering mod file candidate /workspaces/improved-giggle/servidor_minecraft/mods/mcw-furniture-3.4.1-mc1.19.2forge.jar
[27Apr2026 22:09:21.281] [main/DEBUG] [net.minecraftforge.fml.loading.moddiscovery.ModFileInfo/LOADING]: Found valid mod file mcw-furniture-3.4.1-mc1.19.2forge.jar with {mcwfurnitures} mods - versions {3.4.1}
[27Apr2026 22:09:21.281] [main/DEBUG] [net.minecraftforge.fml.loading.moddiscovery.ModFile/LOADING]: Loading mod file /workspaces/improved-giggle/servidor_minecraft/mods/mcw-furniture-3.4.1-mc1.19.2forge.jar with languages [LanguageSpec[languageName=javafml, acceptedVersions=[28,)]]
[27Apr2026 22:09:21.281] [main/DEBUG] [net.minecraftforge.fml.loading.moddiscovery.ModFileParser/LOADING]: Considering mod file candidate /workspaces/improved-giggle/servidor_minecraft/mods/ItemPhysic_FORGE_v1.6.7_mc1.19.2.jar
[27Apr2026 22:09:21.281] [main/DEBUG] [net.minecraftforge.fml.loading.moddiscovery.ModFileInfo/LOADING]: Found valid mod file ItemPhysic_FORGE_v1.6.7_mc1.19.2.jar with {itemphysic} mods - versions {1.6.7}
[27Apr2026 22:09:21.282] [main/DEBUG] [net.minecraftforge.fml.loading.moddiscovery.ModFile/LOADING]: Loading mod file /workspaces/improved-giggle/servidor_minecraft/mods/ItemPhysic_FORGE_v1.6.7_mc1.19.2.jar with languages [LanguageSpec[languageName=javafml, acceptedVersions=[43,)]]
[27Apr2026 22:09:21.282] [main/DEBUG] [net.minecraftforge.fml.loading.moddiscovery.ModFileParser/LOADING]: Considering mod file candidate /workspaces/improved-giggle/servidor_minecraft/mods/anomaly_rephased-2.0.0b30-forge-1.19.2.jar
[27Apr2026 22:09:21.282] [main/DEBUG] [net.minecraftforge.fml.loading.moddiscovery.ModFileInfo/LOADING]: Found valid mod file anomaly_rephased-2.0.0b30-forge-1.19.2.jar with {anomaly_rephased} mods - versions {2.0.030}
[27Apr2026 22:09:21.282] [main/DEBUG] [net.minecraftforge.fml.loading.moddiscovery.ModFile/LOADING]: Loading mod file /workspaces/improved-giggle/servidor_minecraft/mods/anomaly_rephased-2.0.0b30-forge-1.19.2.jar with languages [LanguageSpec[languageName=javafml, acceptedVersions=[43,)]]
[27Apr2026 22:09:21.282] [main/DEBUG] [net.minecraftforge.fml.loading.moddiscovery.ModFileParser/LOADING]: Considering mod file candidate /workspaces/improved-giggle/servidor_minecraft/mods/FallingTree-1.19.2-3.10.1.jar
[27Apr2026 22:09:21.283] [main/DEBUG] [net.minecraftforge.fml.loading.moddiscovery.ModFileInfo/LOADING]: Found valid mod file FallingTree-1.19.2-3.10.1.jar with {fallingtree} mods - versions {3.10.1}
[27Apr2026 22:09:21.283] [main/DEBUG] [net.minecraftforge.fml.loading.moddiscovery.ModFile/LOADING]: Loading mod file /workspaces/improved-giggle/servidor_minecraft/mods/FallingTree-1.19.2-3.10.1.jar with languages [LanguageSpec[languageName=javafml, acceptedVersions=[43,)]]
[27Apr2026 22:09:21.283] [main/DEBUG] [net.minecraftforge.fml.loading.moddiscovery.ModFileParser/LOADING]: Considering mod file candidate /workspaces/improved-giggle/servidor_minecraft/mods/FastLeafDecay-30.jar
[27Apr2026 22:09:21.283] [main/DEBUG] [net.minecraftforge.fml.loading.moddiscovery.ModFileInfo/LOADING]: Found valid mod file FastLeafDecay-30.jar with {fastleafdecay} mods - versions {30}
[27Apr2026 22:09:21.284] [main/DEBUG] [net.minecraftforge.fml.loading.moddiscovery.ModFile/LOADING]: Loading mod file /workspaces/improved-giggle/servidor_minecraft/mods/FastLeafDecay-30.jar with languages [LanguageSpec[languageName=javafml, acceptedVersions=[41,)]]
[27Apr2026 22:09:21.284] [main/DEBUG] [net.minecraftforge.fml.loading.moddiscovery.ModFileParser/LOADING]: Considering mod file candidate /workspaces/improved-giggle/servidor_minecraft/mods/YungsBetterMineshafts-1.19.2-Forge-3.2.1.jar
[27Apr2026 22:09:21.284] [main/DEBUG] [net.minecraftforge.fml.loading.moddiscovery.ModFileInfo/LOADING]: Found valid mod file YungsBetterMineshafts-1.19.2-Forge-3.2.1.jar with {bettermineshafts} mods - versions {1.19.2-Forge-3.2.1}
[27Apr2026 22:09:21.284] [main/DEBUG] [net.minecraftforge.fml.loading.moddiscovery.ModFile/LOADING]: Loading mod file /workspaces/improved-giggle/servidor_minecraft/mods/YungsBetterMineshafts-1.19.2-Forge-3.2.1.jar with languages [LanguageSpec[languageName=javafml, acceptedVersions=[43,)]]
[27Apr2026 22:09:21.284] [main/DEBUG] [net.minecraftforge.fml.loading.moddiscovery.ModFileParser/LOADING]: Considering mod file candidate /workspaces/improved-giggle/servidor_minecraft/mods/geckolib-forge-1.19-3.1.40.jar
[27Apr2026 22:09:21.285] [main/DEBUG] [net.minecraftforge.fml.loading.moddiscovery.ModFileInfo/LOADING]: Found valid mod file geckolib-forge-1.19-3.1.40.jar with {geckolib3} mods - versions {3.1.40}
[27Apr2026 22:09:21.285] [main/DEBUG] [net.minecraftforge.fml.loading.moddiscovery.ModFile/LOADING]: Loading mod file /workspaces/improved-giggle/servidor_minecraft/mods/geckolib-forge-1.19-3.1.40.jar with languages [LanguageSpec[languageName=javafml, acceptedVersions=[41,)]]
[27Apr2026 22:09:21.285] [main/DEBUG] [net.minecraftforge.fml.loading.moddiscovery.ModFileParser/LOADING]: Considering mod file candidate /workspaces/improved-giggle/servidor_minecraft/mods/BorderlessWindow-1.19.1-1.5.2.jar
[27Apr2026 22:09:21.285] [main/DEBUG] [net.minecraftforge.fml.loading.moddiscovery.ModFileInfo/LOADING]: Found valid mod file BorderlessWindow-1.19.1-1.5.2.jar with {borderlesswindow} mods - versions {1.19.1-1.5.2}
[27Apr2026 22:09:21.285] [main/DEBUG] [net.minecraftforge.fml.loading.moddiscovery.ModFile/LOADING]: Loading mod file /workspaces/improved-giggle/servidor_minecraft/mods/BorderlessWindow-1.19.1-1.5.2.jar with languages [LanguageSpec[languageName=javafml, acceptedVersions=[41,)]]
[27Apr2026 22:09:21.285] [main/DEBUG] [net.minecraftforge.fml.loading.moddiscovery.ModFileParser/LOADING]: Considering mod file candidate /workspaces/improved-giggle/servidor_minecraft/mods/inventorysorter-1.19.2-21.1.12.jar
[27Apr2026 22:09:21.286] [main/DEBUG] [net.minecraftforge.fml.loading.moddiscovery.ModFileInfo/LOADING]: Found valid mod file inventorysorter-1.19.2-21.1.12.jar with {inventorysorter} mods - versions {21.1.12}
[27Apr2026 22:09:21.286] [main/DEBUG] [net.minecraftforge.fml.loading.moddiscovery.ModFile/LOADING]: Loading mod file /workspaces/improved-giggle/servidor_minecraft/mods/inventorysorter-1.19.2-21.1.12.jar with languages [LanguageSpec[languageName=javafml, acceptedVersions=[40,)]]
[27Apr2026 22:09:21.286] [main/DEBUG] [net.minecraftforge.fml.loading.moddiscovery.ModFileParser/LOADING]: Considering mod file candidate /workspaces/improved-giggle/servidor_minecraft/mods/Kiwi-1.19.2-forge-8.3.6.jar
[27Apr2026 22:09:21.286] [main/DEBUG] [net.minecraftforge.fml.loading.moddiscovery.ModFileInfo/LOADING]: Found valid mod file Kiwi-1.19.2-forge-8.3.6.jar with {kiwi} mods - versions {8.3.6}
[27Apr2026 22:09:21.286] [main/DEBUG] [net.minecraftforge.fml.loading.moddiscovery.ModFile/LOADING]: Loading mod file /workspaces/improved-giggle/servidor_minecraft/mods/Kiwi-1.19.2-forge-8.3.6.jar with languages [LanguageSpec[languageName=javafml, acceptedVersions=[42,)]]
[27Apr2026 22:09:21.286] [main/DEBUG] [net.minecraftforge.fml.loading.moddiscovery.ModFileParser/LOADING]: Considering mod file candidate /workspaces/improved-giggle/servidor_minecraft/mods/no_f3-1.0.jar
[27Apr2026 22:09:21.287] [main/DEBUG] [net.minecraftforge.fml.loading.moddiscovery.ModFileInfo/LOADING]: Found valid mod file no_f3-1.0.jar with {no_f3} mods - versions {1.0}
[27Apr2026 22:09:21.287] [main/DEBUG] [net.minecraftforge.fml.loading.moddiscovery.ModFile/LOADING]: Loading mod file /workspaces/improved-giggle/servidor_minecraft/mods/no_f3-1.0.jar with languages [LanguageSpec[languageName=javafml, acceptedVersions=[40,)]]
[27Apr2026 22:09:21.287] [main/DEBUG] [net.minecraftforge.fml.loading.moddiscovery.ModFileParser/LOADING]: Considering mod file candidate /workspaces/improved-giggle/servidor_minecraft/mods/nonetherportal-1.2.jar
[27Apr2026 22:09:21.287] [main/DEBUG] [net.minecraftforge.fml.loading.moddiscovery.ModFileInfo/LOADING]: Found valid mod file nonetherportal-1.2.jar with {nonetherportal} mods - versions {1.2}
[27Apr2026 22:09:21.287] [main/DEBUG] [net.minecraftforge.fml.loading.moddiscovery.ModFile/LOADING]: Loading mod file /workspaces/improved-giggle/servidor_minecraft/mods/nonetherportal-1.2.jar with languages [LanguageSpec[languageName=javafml, acceptedVersions=[43,)]]
[27Apr2026 22:09:21.287] [main/DEBUG] [net.minecraftforge.fml.loading.moddiscovery.ModFileParser/LOADING]: Considering mod file candidate /workspaces/improved-giggle/servidor_minecraft/mods/AssimilatorV3.1-By-Smoreh.jar
[27Apr2026 22:09:21.288] [main/DEBUG] [net.minecraftforge.fml.loading.moddiscovery.ModFileInfo/LOADING]: Found valid mod file AssimilatorV3.1-By-Smoreh.jar with {assimilator} mods - versions {1.7.0}
[27Apr2026 22:09:21.288] [main/DEBUG] [net.minecraftforge.fml.loading.moddiscovery.ModFile/LOADING]: Loading mod file /workspaces/improved-giggle/servidor_minecraft/mods/AssimilatorV3.1-By-Smoreh.jar with languages [LanguageSpec[languageName=javafml, acceptedVersions=[43,)]]
[27Apr2026 22:09:21.288] [main/DEBUG] [net.minecraftforge.fml.loading.moddiscovery.ModFileParser/LOADING]: Considering mod file candidate /workspaces/improved-giggle/servidor_minecraft/mods/RemoveMouseoverHighlight-1.0.0+MC1.19.2(Forge).jar
[27Apr2026 22:09:21.288] [main/DEBUG] [net.minecraftforge.fml.loading.moddiscovery.ModFileInfo/LOADING]: Found valid mod file RemoveMouseoverHighlight-1.0.0+MC1.19.2(Forge).jar with {rmh} mods - versions {1.0.0+MC1.19.2(Forge)}
[27Apr2026 22:09:21.289] [main/DEBUG] [net.minecraftforge.fml.loading.moddiscovery.ModFile/LOADING]: Loading mod file /workspaces/improved-giggle/servidor_minecraft/mods/RemoveMouseoverHighlight-1.0.0+MC1.19.2(Forge).jar with languages [LanguageSpec[languageName=javafml, acceptedVersions=[43,)]]
[27Apr2026 22:09:21.289] [main/DEBUG] [net.minecraftforge.fml.loading.moddiscovery.ModFileParser/LOADING]: Considering mod file candidate /workspaces/improved-giggle/servidor_minecraft/mods/jei-1.19.2-forge-11.8.1.1034.jar
[27Apr2026 22:09:21.289] [main/DEBUG] [net.minecraftforge.fml.loading.moddiscovery.ModFileInfo/LOADING]: Found valid mod file jei-1.19.2-forge-11.8.1.1034.jar with {jei} mods - versions {11.8.1.1034}
[27Apr2026 22:09:21.289] [main/DEBUG] [net.minecraftforge.fml.loading.moddiscovery.ModFile/LOADING]: Loading mod file /workspaces/improved-giggle/servidor_minecraft/mods/jei-1.19.2-forge-11.8.1.1034.jar with languages [LanguageSpec[languageName=javafml, acceptedVersions=[41,)]]
[27Apr2026 22:09:21.289] [main/DEBUG] [net.minecraftforge.fml.loading.moddiscovery.ModFileParser/LOADING]: Considering mod file candidate /workspaces/improved-giggle/servidor_minecraft/mods/VisualWorkbench-v4.2.4-1.19.2-Forge.jar
[27Apr2026 22:09:21.290] [main/DEBUG] [net.minecraftforge.fml.loading.moddiscovery.ModFileInfo/LOADING]: Found valid mod file VisualWorkbench-v4.2.4-1.19.2-Forge.jar with {visualworkbench} mods - versions {4.2.4}
[27Apr2026 22:09:21.290] [main/DEBUG] [net.minecraftforge.fml.loading.moddiscovery.ModFile/LOADING]: Loading mod file /workspaces/improved-giggle/servidor_minecraft/mods/VisualWorkbench-v4.2.4-1.19.2-Forge.jar with languages [LanguageSpec[languageName=javafml, acceptedVersions=[42,)]]
[27Apr2026 22:09:21.290] [main/DEBUG] [net.minecraftforge.fml.loading.moddiscovery.ModFileParser/LOADING]: Considering mod file candidate /workspaces/improved-giggle/servidor_minecraft/mods/tacz-1.19.2-1.1.4-hotfix-all.jar
[27Apr2026 22:09:21.290] [main/DEBUG] [net.minecraftforge.fml.loading.moddiscovery.ModFileInfo/LOADING]: Found valid mod file tacz-1.19.2-1.1.4-hotfix-all.jar with {tacz} mods - versions {1.1.4-hotfix}
[27Apr2026 22:09:21.290] [main/DEBUG] [net.minecraftforge.fml.loading.moddiscovery.ModFile/LOADING]: Loading mod file /workspaces/improved-giggle/servidor_minecraft/mods/tacz-1.19.2-1.1.4-hotfix-all.jar with languages [LanguageSpec[languageName=javafml, acceptedVersions=[43,)]]
[27Apr2026 22:09:21.290] [main/DEBUG] [net.minecraftforge.fml.loading.moddiscovery.ModFileParser/LOADING]: Considering mod file candidate /workspaces/improved-giggle/servidor_minecraft/mods/InvMove-0.9.3+1.19.4-Forge.jar
[27Apr2026 22:09:21.291] [main/DEBUG] [net.minecraftforge.fml.loading.moddiscovery.ModFileInfo/LOADING]: Found valid mod file InvMove-0.9.3+1.19.4-Forge.jar with {invmove} mods - versions {0.9.3}
[27Apr2026 22:09:21.291] [main/DEBUG] [net.minecraftforge.fml.loading.moddiscovery.ModFile/LOADING]: Loading mod file /workspaces/improved-giggle/servidor_minecraft/mods/InvMove-0.9.3+1.19.4-Forge.jar with languages [LanguageSpec[languageName=javafml, acceptedVersions=[41,)]]
[27Apr2026 22:09:21.291] [main/DEBUG] [net.minecraftforge.fml.loading.moddiscovery.ModFileParser/LOADING]: Considering mod file candidate /workspaces/improved-giggle/servidor_minecraft/mods/immersive_weathering-1.19.2-1.2.10-forge.jar
[27Apr2026 22:09:21.291] [main/DEBUG] [net.minecraftforge.fml.loading.moddiscovery.ModFileInfo/LOADING]: Found valid mod file immersive_weathering-1.19.2-1.2.10-forge.jar with {immersive_weathering} mods - versions {1.19.2-1.2.10}
[27Apr2026 22:09:21.291] [main/DEBUG] [net.minecraftforge.fml.loading.moddiscovery.ModFile/LOADING]: Loading mod file /workspaces/improved-giggle/servidor_minecraft/mods/immersive_weathering-1.19.2-1.2.10-forge.jar with languages [LanguageSpec[languageName=javafml, acceptedVersions=[40,)]]
[27Apr2026 22:09:21.291] [main/DEBUG] [net.minecraftforge.fml.loading.moddiscovery.ModFileParser/LOADING]: Considering mod file candidate /workspaces/improved-giggle/servidor_minecraft/mods/realmrpg_fallen_adventurers_1.0.3_forge_1.19.2.jar
[27Apr2026 22:09:21.292] [main/DEBUG] [net.minecraftforge.fml.loading.moddiscovery.ModFileInfo/LOADING]: Found valid mod file realmrpg_fallen_adventurers_1.0.3_forge_1.19.2.jar with {realmrpg_skeletons} mods - versions {1.0.3}
[27Apr2026 22:09:21.292] [main/DEBUG] [net.minecraftforge.fml.loading.moddiscovery.ModFile/LOADING]: Loading mod file /workspaces/improved-giggle/servidor_minecraft/mods/realmrpg_fallen_adventurers_1.0.3_forge_1.19.2.jar with languages [LanguageSpec[languageName=javafml, acceptedVersions=[43,)]]
[27Apr2026 22:09:21.292] [main/DEBUG] [net.minecraftforge.fml.loading.moddiscovery.ModFileParser/LOADING]: Considering mod file candidate /workspaces/improved-giggle/servidor_minecraft/mods/PassableFoliage-1.19.1-forge-5.2.1.jar
[27Apr2026 22:09:21.292] [main/DEBUG] [net.minecraftforge.fml.loading.moddiscovery.ModFileInfo/LOADING]: Found valid mod file PassableFoliage-1.19.1-forge-5.2.1.jar with {passablefoliage} mods - versions {5.2.1}
[27Apr2026 22:09:21.292] [main/DEBUG] [net.minecraftforge.fml.loading.moddiscovery.ModFile/LOADING]: Loading mod file /workspaces/improved-giggle/servidor_minecraft/mods/PassableFoliage-1.19.1-forge-5.2.1.jar with languages [LanguageSpec[languageName=javafml, acceptedVersions=[42,)]]
[27Apr2026 22:09:21.292] [main/DEBUG] [net.minecraftforge.fml.loading.moddiscovery.ModFileParser/LOADING]: Considering mod file candidate /workspaces/improved-giggle/servidor_minecraft/mods/Clumps-forge-1.19.2-9.0.0+14.jar
[27Apr2026 22:09:21.293] [main/DEBUG] [net.minecraftforge.fml.loading.moddiscovery.ModFileInfo/LOADING]: Found valid mod file Clumps-forge-1.19.2-9.0.0+14.jar with {clumps} mods - versions {9.0.0+14}
[27Apr2026 22:09:21.293] [main/DEBUG] [net.minecraftforge.fml.loading.moddiscovery.ModFile/LOADING]: Loading mod file /workspaces/improved-giggle/servidor_minecraft/mods/Clumps-forge-1.19.2-9.0.0+14.jar with languages [LanguageSpec[languageName=javafml, acceptedVersions=[41,)]]
[27Apr2026 22:09:21.293] [main/DEBUG] [net.minecraftforge.fml.loading.moddiscovery.ModFileParser/LOADING]: Considering mod file candidate /workspaces/improved-giggle/servidor_minecraft/mods/RealisticExplosionPhysics-1.19.2-1.0.0.jar
[27Apr2026 22:09:21.293] [main/DEBUG] [net.minecraftforge.fml.loading.moddiscovery.ModFileInfo/LOADING]: Found valid mod file RealisticExplosionPhysics-1.19.2-1.0.0.jar with {rep} mods - versions {1.0.0}
[27Apr2026 22:09:21.293] [main/DEBUG] [net.minecraftforge.fml.loading.moddiscovery.ModFile/LOADING]: Loading mod file /workspaces/improved-giggle/servidor_minecraft/mods/RealisticExplosionPhysics-1.19.2-1.0.0.jar with languages [LanguageSpec[languageName=javafml, acceptedVersions=[40,)]]
[27Apr2026 22:09:21.294] [main/DEBUG] [net.minecraftforge.fml.loading.moddiscovery.ModFileParser/LOADING]: Considering mod file candidate /workspaces/improved-giggle/servidor_minecraft/mods/Structory_1.19.3_v1.3.1a.jar
[27Apr2026 22:09:21.294] [main/DEBUG] [net.minecraftforge.fml.loading.moddiscovery.ModFileInfo/LOADING]: Found valid mod file Structory_1.19.3_v1.3.1a.jar with {structory} mods - versions {1.3.1a}
[27Apr2026 22:09:21.294] [main/DEBUG] [net.minecraftforge.fml.loading.moddiscovery.ModFile/LOADING]: Loading mod file /workspaces/improved-giggle/servidor_minecraft/mods/Structory_1.19.3_v1.3.1a.jar with languages [LanguageSpec[languageName=javafml, acceptedVersions=[40,)]]
[27Apr2026 22:09:21.294] [main/DEBUG] [net.minecraftforge.fml.loading.moddiscovery.ModFileParser/LOADING]: Considering mod file candidate /workspaces/improved-giggle/servidor_minecraft/mods/shutupexperimentalsettings-1.0.5.jar
[27Apr2026 22:09:21.294] [main/DEBUG] [net.minecraftforge.fml.loading.moddiscovery.ModFileInfo/LOADING]: Found valid mod file shutupexperimentalsettings-1.0.5.jar with {shutupexperimentalsettings} mods - versions {1.0.5}
[27Apr2026 22:09:21.295] [main/DEBUG] [net.minecraftforge.fml.loading.moddiscovery.ModFile/LOADING]: Loading mod file /workspaces/improved-giggle/servidor_minecraft/mods/shutupexperimentalsettings-1.0.5.jar with languages [LanguageSpec[languageName=javafml, acceptedVersions=[40,)]]
[27Apr2026 22:09:21.295] [main/DEBUG] [net.minecraftforge.fml.loading.moddiscovery.ModFileParser/LOADING]: Considering mod file candidate /workspaces/improved-giggle/servidor_minecraft/mods/configured-2.1.1-1.19.2.jar
[27Apr2026 22:09:21.295] [main/DEBUG] [net.minecraftforge.fml.loading.moddiscovery.ModFileInfo/LOADING]: Found valid mod file configured-2.1.1-1.19.2.jar with {configured} mods - versions {2.1.1}
[27Apr2026 22:09:21.295] [main/DEBUG] [net.minecraftforge.fml.loading.moddiscovery.ModFile/LOADING]: Loading mod file /workspaces/improved-giggle/servidor_minecraft/mods/configured-2.1.1-1.19.2.jar with languages [LanguageSpec[languageName=javafml, acceptedVersions=[41,)]]
[27Apr2026 22:09:21.297] [main/DEBUG] [net.minecraftforge.fml.loading.moddiscovery.ModFileParser/LOADING]: Found coremod Configured with Javascript path transformers/set_background_texture.js
[27Apr2026 22:09:21.298] [main/DEBUG] [net.minecraftforge.fml.loading.moddiscovery.ModFile/LOADING]: Found coremod transformers/set_background_texture.js
[27Apr2026 22:09:21.298] [main/DEBUG] [net.minecraftforge.fml.loading.moddiscovery.ModFileParser/LOADING]: Considering mod file candidate /workspaces/improved-giggle/servidor_minecraft/mods/SereneSeasons-1.19.2-8.1.0.24.jar
[27Apr2026 22:09:21.298] [main/DEBUG] [net.minecraftforge.fml.loading.moddiscovery.ModFileInfo/LOADING]: Found valid mod file SereneSeasons-1.19.2-8.1.0.24.jar with {sereneseasons} mods - versions {0.0NONE}
[27Apr2026 22:09:21.298] [main/DEBUG] [net.minecraftforge.fml.loading.moddiscovery.ModFile/LOADING]: Loading mod file /workspaces/improved-giggle/servidor_minecraft/mods/SereneSeasons-1.19.2-8.1.0.24.jar with languages [LanguageSpec[languageName=javafml, acceptedVersions=[41,)]]
[27Apr2026 22:09:21.299] [main/DEBUG] [net.minecraftforge.fml.loading.moddiscovery.ModFileParser/LOADING]: Found coremod biome_transformer with Javascript path transformers/temperature.js
[27Apr2026 22:09:21.299] [main/DEBUG] [net.minecraftforge.fml.loading.moddiscovery.ModFile/LOADING]: Found coremod transformers/temperature.js
[27Apr2026 22:09:21.299] [main/DEBUG] [net.minecraftforge.fml.loading.moddiscovery.ModFileParser/LOADING]: Considering mod file candidate /workspaces/improved-giggle/servidor_minecraft/mods/zaynens_leather_from_rotten_flesh_mod_1.19.2.jar
[27Apr2026 22:09:21.299] [main/DEBUG] [net.minecraftforge.fml.loading.moddiscovery.ModFileInfo/LOADING]: Found valid mod file zaynens_leather_from_rotten_flesh_mod_1.19.2.jar with {leatherfromrottenflesh} mods - versions {1.0.0}
[27Apr2026 22:09:21.299] [main/DEBUG] [net.minecraftforge.fml.loading.moddiscovery.ModFile/LOADING]: Loading mod file /workspaces/improved-giggle/servidor_minecraft/mods/zaynens_leather_from_rotten_flesh_mod_1.19.2.jar with languages [LanguageSpec[languageName=javafml, acceptedVersions=[43,)]]
[27Apr2026 22:09:21.299] [main/DEBUG] [net.minecraftforge.fml.loading.moddiscovery.ModFileParser/LOADING]: Considering mod file candidate /workspaces/improved-giggle/servidor_minecraft/mods/BadMobs-1.19.2-16.1.3.jar
[27Apr2026 22:09:21.300] [main/DEBUG] [net.minecraftforge.fml.loading.moddiscovery.ModFileInfo/LOADING]: Found valid mod file BadMobs-1.19.2-16.1.3.jar with {badmobs} mods - versions {16.1.3}
[27Apr2026 22:09:21.300] [main/DEBUG] [net.minecraftforge.fml.loading.moddiscovery.ModFile/LOADING]: Loading mod file /workspaces/improved-giggle/servidor_minecraft/mods/BadMobs-1.19.2-16.1.3.jar with languages [LanguageSpec[languageName=javafml, acceptedVersions=[43,]]]
[27Apr2026 22:09:21.300] [main/DEBUG] [net.minecraftforge.fml.loading.moddiscovery.ModFileParser/LOADING]: Considering mod file candidate /workspaces/improved-giggle/servidor_minecraft/mods/bloodybits-1.2.1-1.19.2.jar
[27Apr2026 22:09:21.300] [main/DEBUG] [net.minecraftforge.fml.loading.moddiscovery.ModFileInfo/LOADING]: Found valid mod file bloodybits-1.2.1-1.19.2.jar with {bloodybits} mods - versions {1.2.1-1.19.2}
[27Apr2026 22:09:21.300] [main/DEBUG] [net.minecraftforge.fml.loading.moddiscovery.ModFile/LOADING]: Loading mod file /workspaces/improved-giggle/servidor_minecraft/mods/bloodybits-1.2.1-1.19.2.jar with languages [LanguageSpec[languageName=javafml, acceptedVersions=[43,)]]
[27Apr2026 22:09:21.300] [main/DEBUG] [net.minecraftforge.fml.loading.moddiscovery.ModFileParser/LOADING]: Considering mod file candidate /workspaces/improved-giggle/servidor_minecraft/mods/Terralith_1.19.3_v2.3.12.jar
[27Apr2026 22:09:21.301] [main/DEBUG] [net.minecraftforge.fml.loading.moddiscovery.ModFileInfo/LOADING]: Found valid mod file Terralith_1.19.3_v2.3.12.jar with {terralith} mods - versions {2.3.12}
[27Apr2026 22:09:21.301] [main/DEBUG] [net.minecraftforge.fml.loading.moddiscovery.ModFile/LOADING]: Loading mod file /workspaces/improved-giggle/servidor_minecraft/mods/Terralith_1.19.3_v2.3.12.jar with languages [LanguageSpec[languageName=javafml, acceptedVersions=[40,)]]
[27Apr2026 22:09:21.301] [main/DEBUG] [net.minecraftforge.fml.loading.moddiscovery.ModFileParser/LOADING]: Considering mod file candidate /workspaces/improved-giggle/servidor_minecraft/mods/CraftTweaker-forge-1.19.2-10.1.56.jar
[27Apr2026 22:09:21.301] [main/DEBUG] [net.minecraftforge.fml.loading.moddiscovery.ModFileInfo/LOADING]: Found valid mod file CraftTweaker-forge-1.19.2-10.1.56.jar with {crafttweaker} mods - versions {10.1.56}
[27Apr2026 22:09:21.301] [main/DEBUG] [net.minecraftforge.fml.loading.moddiscovery.ModFile/LOADING]: Loading mod file /workspaces/improved-giggle/servidor_minecraft/mods/CraftTweaker-forge-1.19.2-10.1.56.jar with languages [LanguageSpec[languageName=javafml, acceptedVersions=[39,)]]
[27Apr2026 22:09:21.301] [main/DEBUG] [net.minecraftforge.fml.loading.moddiscovery.ModFileParser/LOADING]: Considering mod file candidate /workspaces/improved-giggle/servidor_minecraft/mods/rubidium_extras-1.19.2_v1.4.3.jar
[27Apr2026 22:09:21.302] [main/DEBUG] [net.minecraftforge.fml.loading.moddiscovery.ModFileInfo/LOADING]: Found valid mod file rubidium_extras-1.19.2_v1.4.3.jar with {rubidium_extras} mods - versions {1.19.2_v1.4.3}
[27Apr2026 22:09:21.302] [main/DEBUG] [net.minecraftforge.fml.loading.moddiscovery.ModFile/LOADING]: Loading mod file /workspaces/improved-giggle/servidor_minecraft/mods/rubidium_extras-1.19.2_v1.4.3.jar with languages [LanguageSpec[languageName=javafml, acceptedVersions=[41,)]]
[27Apr2026 22:09:21.302] [main/DEBUG] [net.minecraftforge.fml.loading.moddiscovery.ModFileParser/LOADING]: Considering mod file candidate /workspaces/improved-giggle/servidor_minecraft/mods/whos_there-1.2-forge-1.19.2.jar
[27Apr2026 22:09:21.302] [main/DEBUG] [net.minecraftforge.fml.loading.moddiscovery.ModFileInfo/LOADING]: Found valid mod file whos_there-1.2-forge-1.19.2.jar with {whos_there} mods - versions {1.2}
[27Apr2026 22:09:21.302] [main/DEBUG] [net.minecraftforge.fml.loading.moddiscovery.ModFile/LOADING]: Loading mod file /workspaces/improved-giggle/servidor_minecraft/mods/whos_there-1.2-forge-1.19.2.jar with languages [LanguageSpec[languageName=javafml, acceptedVersions=[43,)]]
[27Apr2026 22:09:21.303] [main/DEBUG] [net.minecraftforge.fml.loading.moddiscovery.ModFileParser/LOADING]: Considering mod file candidate /workspaces/improved-giggle/servidor_minecraft/libraries/net/minecraftforge/forge/1.20.1-47.4.3/forge-1.20.1-47.4.3-universal.jar
[27Apr2026 22:09:21.303] [main/DEBUG] [net.minecraftforge.fml.loading.moddiscovery.ModFileInfo/LOADING]: Found valid mod file forge-1.20.1-47.4.3-universal.jar with {forge} mods - versions {47.4.3}
[27Apr2026 22:09:21.303] [main/DEBUG] [net.minecraftforge.fml.loading.moddiscovery.ModFile/LOADING]: Loading mod file /workspaces/improved-giggle/servidor_minecraft/libraries/net/minecraftforge/forge/1.20.1-47.4.3/forge-1.20.1-47.4.3-universal.jar with languages [LanguageSpec[languageName=javafml, acceptedVersions=[24,]]]
[27Apr2026 22:09:21.303] [main/DEBUG] [net.minecraftforge.fml.loading.moddiscovery.ModFileParser/LOADING]: Found coremod field_to_method with Javascript path coremods/field_to_method.js
[27Apr2026 22:09:21.303] [main/DEBUG] [net.minecraftforge.fml.loading.moddiscovery.ModFileParser/LOADING]: Found coremod field_to_instanceof with Javascript path coremods/field_to_instanceof.js
[27Apr2026 22:09:21.303] [main/DEBUG] [net.minecraftforge.fml.loading.moddiscovery.ModFileParser/LOADING]: Found coremod add_bouncer_method with Javascript path coremods/add_bouncer_method.js
[27Apr2026 22:09:21.303] [main/DEBUG] [net.minecraftforge.fml.loading.moddiscovery.ModFileParser/LOADING]: Found coremod method_redirector with Javascript path coremods/method_redirector.js
[27Apr2026 22:09:21.303] [main/DEBUG] [net.minecraftforge.fml.loading.moddiscovery.ModFile/LOADING]: Found coremod coremods/field_to_method.js
[27Apr2026 22:09:21.303] [main/DEBUG] [net.minecraftforge.fml.loading.moddiscovery.ModFile/LOADING]: Found coremod coremods/field_to_instanceof.js
[27Apr2026 22:09:21.303] [main/DEBUG] [net.minecraftforge.fml.loading.moddiscovery.ModFile/LOADING]: Found coremod coremods/add_bouncer_method.js
[27Apr2026 22:09:21.304] [main/DEBUG] [net.minecraftforge.fml.loading.moddiscovery.ModFile/LOADING]: Found coremod coremods/method_redirector.js
[27Apr2026 22:09:21.304] [main/DEBUG] [net.minecraftforge.fml.loading.moddiscovery.ModFileParser/LOADING]: Considering mod file candidate /workspaces/improved-giggle/servidor_minecraft/mods/drippyloadingscreen_forge_3.0.12_MC_1.19.2.jar
[27Apr2026 22:09:21.304] [main/DEBUG] [net.minecraftforge.fml.loading.moddiscovery.ModFileInfo/LOADING]: Found valid mod file drippyloadingscreen_forge_3.0.12_MC_1.19.2.jar with {drippyloadingscreen} mods - versions {3.0.12}
[27Apr2026 22:09:21.304] [main/DEBUG] [net.minecraftforge.fml.loading.moddiscovery.ModFile/LOADING]: Loading mod file /workspaces/improved-giggle/servidor_minecraft/mods/drippyloadingscreen_forge_3.0.12_MC_1.19.2.jar with languages [LanguageSpec[languageName=javafml, acceptedVersions=[43,)]]
[27Apr2026 22:09:21.304] [main/DEBUG] [net.minecraftforge.fml.loading.moddiscovery.ModFileParser/LOADING]: Considering mod file candidate /workspaces/improved-giggle/servidor_minecraft/mods/okzoomer-forge-1.19-2.1.1.jar
[27Apr2026 22:09:21.305] [main/DEBUG] [net.minecraftforge.fml.loading.moddiscovery.ModFileInfo/LOADING]: Found valid mod file okzoomer-forge-1.19-2.1.1.jar with {okzoomer} mods - versions {2.1.1}
[27Apr2026 22:09:21.305] [main/DEBUG] [net.minecraftforge.fml.loading.moddiscovery.ModFile/LOADING]: Loading mod file /workspaces/improved-giggle/servidor_minecraft/mods/okzoomer-forge-1.19-2.1.1.jar with languages [LanguageSpec[languageName=javafml, acceptedVersions=[41,)]]
[27Apr2026 22:09:21.305] [main/DEBUG] [net.minecraftforge.fml.loading.moddiscovery.ModFileInfo/LOADING]: Found valid mod file server-1.20.1-20230612.114412-srg.jar with {minecraft} mods - versions {1.20.1}
[27Apr2026 22:09:21.305] [main/DEBUG] [net.minecraftforge.fml.loading.moddiscovery.ModFile/LOADING]: Loading mod file /workspaces/improved-giggle/servidor_minecraft/libraries/net/minecraft/server/1.20.1-20230612.114412/server-1.20.1-20230612.114412-srg.jar with languages [LanguageSpec[languageName=minecraft, acceptedVersions=1]]
[27Apr2026 22:09:21.305] [main/DEBUG] [net.minecraftforge.fml.loading.moddiscovery.ModFileParser/LOADING]: Considering mod file candidate /workspaces/improved-giggle/servidor_minecraft/mods/voicechat-forge-1.19.2-2.6.11.jar
[27Apr2026 22:09:21.306] [main/DEBUG] [net.minecraftforge.fml.loading.moddiscovery.ModFileInfo/LOADING]: Found valid mod file voicechat-forge-1.19.2-2.6.11.jar with {voicechat,voicechat_api} mods - versions {1.19.2-2.6.11,2.6.0}
[27Apr2026 22:09:21.306] [main/DEBUG] [net.minecraftforge.fml.loading.moddiscovery.ModFile/LOADING]: Loading mod file /workspaces/improved-giggle/servidor_minecraft/mods/voicechat-forge-1.19.2-2.6.11.jar with languages [LanguageSpec[languageName=javafml, acceptedVersions=*]]
[27Apr2026 22:09:21.306] [main/DEBUG] [net.minecraftforge.fml.loading.moddiscovery.ModFileParser/LOADING]: Considering mod file candidate /workspaces/improved-giggle/servidor_minecraft/mods/moonlight-1.19.2-2.3.7-forge.jar
[27Apr2026 22:09:21.306] [main/DEBUG] [net.minecraftforge.fml.loading.moddiscovery.ModFileInfo/LOADING]: Found valid mod file moonlight-1.19.2-2.3.7-forge.jar with {moonlight} mods - versions {1.19.2-2.3.7}
[27Apr2026 22:09:21.306] [main/DEBUG] [net.minecraftforge.fml.loading.moddiscovery.ModFile/LOADING]: Loading mod file /workspaces/improved-giggle/servidor_minecraft/mods/moonlight-1.19.2-2.3.7-forge.jar with languages [LanguageSpec[languageName=javafml, acceptedVersions=[40,)]]
[27Apr2026 22:09:21.307] [main/DEBUG] [net.minecraftforge.fml.loading.moddiscovery.ModFileParser/LOADING]: Considering mod file candidate /workspaces/improved-giggle/servidor_minecraft/mods/bettercombat-forge-1.7.1+1.19.jar
[27Apr2026 22:09:21.307] [main/DEBUG] [net.minecraftforge.fml.loading.moddiscovery.ModFileInfo/LOADING]: Found valid mod file bettercombat-forge-1.7.1+1.19.jar with {bettercombat} mods - versions {1.7.1+1.19}
[27Apr2026 22:09:21.307] [main/DEBUG] [net.minecraftforge.fml.loading.moddiscovery.ModFile/LOADING]: Loading mod file /workspaces/improved-giggle/servidor_minecraft/mods/bettercombat-forge-1.7.1+1.19.jar with languages [LanguageSpec[languageName=javafml, acceptedVersions=[39,)]]
[27Apr2026 22:09:21.307] [main/DEBUG] [net.minecraftforge.fml.loading.moddiscovery.ModFileParser/LOADING]: Considering mod file candidate /workspaces/improved-giggle/servidor_minecraft/mods/MouseTweaks-forge-mc1.19-2.23.jar
[27Apr2026 22:09:21.308] [main/DEBUG] [net.minecraftforge.fml.loading.moddiscovery.ModFileInfo/LOADING]: Found valid mod file MouseTweaks-forge-mc1.19-2.23.jar with {mousetweaks} mods - versions {2.23}
[27Apr2026 22:09:21.308] [main/DEBUG] [net.minecraftforge.fml.loading.moddiscovery.ModFile/LOADING]: Loading mod file /workspaces/improved-giggle/servidor_minecraft/mods/MouseTweaks-forge-mc1.19-2.23.jar with languages [LanguageSpec[languageName=javafml, acceptedVersions=[41,)]]
[27Apr2026 22:09:21.308] [main/DEBUG] [net.minecraftforge.fml.loading.moddiscovery.ModFileParser/LOADING]: Considering mod file candidate /workspaces/improved-giggle/servidor_minecraft/mods/ShoulderSurfing-Forge-1.19.2-4.18.2.jar
[27Apr2026 22:09:21.308] [main/DEBUG] [net.minecraftforge.fml.loading.moddiscovery.ModFileInfo/LOADING]: Found valid mod file ShoulderSurfing-Forge-1.19.2-4.18.2.jar with {shouldersurfing} mods - versions {1.19.2-4.18.2}
[27Apr2026 22:09:21.308] [main/DEBUG] [net.minecraftforge.fml.loading.moddiscovery.ModFile/LOADING]: Loading mod file /workspaces/improved-giggle/servidor_minecraft/mods/ShoulderSurfing-Forge-1.19.2-4.18.2.jar with languages [LanguageSpec[languageName=javafml, acceptedVersions=[41,)]]
[27Apr2026 22:09:21.308] [main/DEBUG] [net.minecraftforge.fml.loading.moddiscovery.ModFileParser/LOADING]: Considering mod file candidate /workspaces/improved-giggle/servidor_minecraft/mods/CreativeCore_FORGE_v2.11.28_mc1.19.2.jar
[27Apr2026 22:09:21.309] [main/DEBUG] [net.minecraftforge.fml.loading.moddiscovery.ModFileInfo/LOADING]: Found valid mod file CreativeCore_FORGE_v2.11.28_mc1.19.2.jar with {creativecore} mods - versions {2.11.28}
[27Apr2026 22:09:21.309] [main/DEBUG] [net.minecraftforge.fml.loading.moddiscovery.ModFile/LOADING]: Loading mod file /workspaces/improved-giggle/servidor_minecraft/mods/CreativeCore_FORGE_v2.11.28_mc1.19.2.jar with languages [LanguageSpec[languageName=javafml, acceptedVersions=[43,)]]
[27Apr2026 22:09:21.309] [main/DEBUG] [net.minecraftforge.fml.loading.moddiscovery.ModFileParser/LOADING]: Considering mod file candidate /workspaces/improved-giggle/servidor_minecraft/mods/CullLessLeaves-Reforged-1.0.5.jar
[27Apr2026 22:09:21.309] [main/DEBUG] [net.minecraftforge.fml.loading.moddiscovery.ModFileInfo/LOADING]: Found valid mod file CullLessLeaves-Reforged-1.0.5.jar with {culllessleaves} mods - versions {1.0.5}
[27Apr2026 22:09:21.310] [main/DEBUG] [net.minecraftforge.fml.loading.moddiscovery.ModFile/LOADING]: Loading mod file /workspaces/improved-giggle/servidor_minecraft/mods/CullLessLeaves-Reforged-1.0.5.jar with languages [LanguageSpec[languageName=javafml, acceptedVersions=[43,)]]
[27Apr2026 22:09:21.310] [main/DEBUG] [net.minecraftforge.fml.loading.moddiscovery.ModFileParser/LOADING]: Considering mod file candidate /workspaces/improved-giggle/servidor_minecraft/mods/Arrenek's Lookout Towers 1.0.jar
[27Apr2026 22:09:21.310] [main/DEBUG] [net.minecraftforge.fml.loading.moddiscovery.ModFileInfo/LOADING]: Found valid mod file Arrenek's Lookout Towers 1.0.jar with {arrens_lookout_towers} mods - versions {1.0.0}
[27Apr2026 22:09:21.310] [main/DEBUG] [net.minecraftforge.fml.loading.moddiscovery.ModFile/LOADING]: Loading mod file /workspaces/improved-giggle/servidor_minecraft/mods/Arrenek's Lookout Towers 1.0.jar with languages [LanguageSpec[languageName=javafml, acceptedVersions=[43,)]]
[27Apr2026 22:09:21.310] [main/DEBUG] [net.minecraftforge.fml.loading.moddiscovery.ModFileParser/LOADING]: Considering mod file candidate /workspaces/improved-giggle/servidor_minecraft/mods/smoothboot(reloaded)-mc1.19.2-0.0.4.jar
[27Apr2026 22:09:21.311] [main/DEBUG] [net.minecraftforge.fml.loading.moddiscovery.ModFileInfo/LOADING]: Found valid mod file smoothboot(reloaded)-mc1.19.2-0.0.4.jar with {smoothboot} mods - versions {0.0.4}
[27Apr2026 22:09:21.311] [main/DEBUG] [net.minecraftforge.fml.loading.moddiscovery.ModFile/LOADING]: Loading mod file /workspaces/improved-giggle/servidor_minecraft/mods/smoothboot(reloaded)-mc1.19.2-0.0.4.jar with languages [LanguageSpec[languageName=javafml, acceptedVersions=[43,)]]
[27Apr2026 22:09:21.311] [main/DEBUG] [net.minecraftforge.fml.loading.moddiscovery.ModFileParser/LOADING]: Considering mod file candidate /workspaces/improved-giggle/servidor_minecraft/mods/ThisRocks-1.19.2-1.2.5.jar
[27Apr2026 22:09:21.311] [main/DEBUG] [net.minecraftforge.fml.loading.moddiscovery.ModFileInfo/LOADING]: Found valid mod file ThisRocks-1.19.2-1.2.5.jar with {rocks} mods - versions {1.2.5}
[27Apr2026 22:09:21.311] [main/DEBUG] [net.minecraftforge.fml.loading.moddiscovery.ModFile/LOADING]: Loading mod file /workspaces/improved-giggle/servidor_minecraft/mods/ThisRocks-1.19.2-1.2.5.jar with languages [LanguageSpec[languageName=javafml, acceptedVersions=[41,)]]
[27Apr2026 22:09:21.312] [main/DEBUG] [net.minecraftforge.fml.loading.moddiscovery.ModFileParser/LOADING]: Considering mod file candidate /workspaces/improved-giggle/servidor_minecraft/mods/betterfpsdist-1.19.2-4.1.jar
[27Apr2026 22:09:21.312] [main/DEBUG] [net.minecraftforge.fml.loading.moddiscovery.ModFileInfo/LOADING]: Found valid mod file betterfpsdist-1.19.2-4.1.jar with {betterfpsdist} mods - versions {1.19.2-4.1}
[27Apr2026 22:09:21.312] [main/DEBUG] [net.minecraftforge.fml.loading.moddiscovery.ModFile/LOADING]: Loading mod file /workspaces/improved-giggle/servidor_minecraft/mods/betterfpsdist-1.19.2-4.1.jar with languages [LanguageSpec[languageName=javafml, acceptedVersions=[26,)]]
[27Apr2026 22:09:21.312] [main/DEBUG] [net.minecraftforge.fml.loading.moddiscovery.ModFileParser/LOADING]: Considering mod file candidate /workspaces/improved-giggle/servidor_minecraft/mods/VoidFog-1.19.2-2.0.19.jar
[27Apr2026 22:09:21.313] [main/DEBUG] [net.minecraftforge.fml.loading.moddiscovery.ModFileInfo/LOADING]: Found valid mod file VoidFog-1.19.2-2.0.19.jar with {voidfog} mods - versions {1.19.2-2.0.19}
[27Apr2026 22:09:21.313] [main/DEBUG] [net.minecraftforge.fml.loading.moddiscovery.ModFile/LOADING]: Loading mod file /workspaces/improved-giggle/servidor_minecraft/mods/VoidFog-1.19.2-2.0.19.jar with languages [LanguageSpec[languageName=javafml, acceptedVersions=[41,)]]
[27Apr2026 22:09:21.313] [main/DEBUG] [net.minecraftforge.fml.loading.moddiscovery.ModFileParser/LOADING]: Considering mod file candidate /workspaces/improved-giggle/servidor_minecraft/mods/Iceberg-1.19.2-forge-1.1.4.jar
[27Apr2026 22:09:21.313] [main/DEBUG] [net.minecraftforge.fml.loading.moddiscovery.ModFileInfo/LOADING]: Found valid mod file Iceberg-1.19.2-forge-1.1.4.jar with {iceberg} mods - versions {1.1.4}
[27Apr2026 22:09:21.313] [main/DEBUG] [net.minecraftforge.fml.loading.moddiscovery.ModFile/LOADING]: Loading mod file /workspaces/improved-giggle/servidor_minecraft/mods/Iceberg-1.19.2-forge-1.1.4.jar with languages [LanguageSpec[languageName=javafml, acceptedVersions=[41,)]]
[27Apr2026 22:09:21.313] [main/DEBUG] [net.minecraftforge.fml.loading.moddiscovery.ModFileParser/LOADING]: Considering mod file candidate /workspaces/improved-giggle/servidor_minecraft/mods/LegendaryTooltips-1.19.2-forge-1.4.0.jar
[27Apr2026 22:09:21.314] [main/DEBUG] [net.minecraftforge.fml.loading.moddiscovery.ModFileInfo/LOADING]: Found valid mod file LegendaryTooltips-1.19.2-forge-1.4.0.jar with {legendarytooltips} mods - versions {1.4.0}
[27Apr2026 22:09:21.314] [main/DEBUG] [net.minecraftforge.fml.loading.moddiscovery.ModFile/LOADING]: Loading mod file /workspaces/improved-giggle/servidor_minecraft/mods/LegendaryTooltips-1.19.2-forge-1.4.0.jar with languages [LanguageSpec[languageName=javafml, acceptedVersions=[41,)]]
[27Apr2026 22:09:21.314] [main/DEBUG] [net.minecraftforge.fml.loading.moddiscovery.ModFileParser/LOADING]: Considering mod file candidate /workspaces/improved-giggle/servidor_minecraft/mods/ParCool-1.19.2-3.4.1.5.jar
[27Apr2026 22:09:21.315] [main/DEBUG] [net.minecraftforge.fml.loading.moddiscovery.ModFileInfo/LOADING]: Found valid mod file ParCool-1.19.2-3.4.1.5.jar with {parcool} mods - versions {3.4.1.5}
[27Apr2026 22:09:21.315] [main/DEBUG] [net.minecraftforge.fml.loading.moddiscovery.ModFile/LOADING]: Loading mod file /workspaces/improved-giggle/servidor_minecraft/mods/ParCool-1.19.2-3.4.1.5.jar with languages [LanguageSpec[languageName=javafml, acceptedVersions=[43,)]]
[27Apr2026 22:09:21.315] [main/DEBUG] [net.minecraftforge.fml.loading.moddiscovery.ModFileParser/LOADING]: Considering mod file candidate /workspaces/improved-giggle/servidor_minecraft/mods/entityculling-forge-1.6.1-mc1.19.2.jar
[27Apr2026 22:09:21.315] [main/DEBUG] [net.minecraftforge.fml.loading.moddiscovery.ModFileInfo/LOADING]: Found valid mod file entityculling-forge-1.6.1-mc1.19.2.jar with {entityculling} mods - versions {1.6.1}
[27Apr2026 22:09:21.315] [main/DEBUG] [net.minecraftforge.fml.loading.moddiscovery.ModFile/LOADING]: Loading mod file /workspaces/improved-giggle/servidor_minecraft/mods/entityculling-forge-1.6.1-mc1.19.2.jar with languages [LanguageSpec[languageName=javafml, acceptedVersions=[35,)]]
[27Apr2026 22:09:21.315] [main/DEBUG] [net.minecraftforge.fml.loading.moddiscovery.ModFileParser/LOADING]: Considering mod file candidate /workspaces/improved-giggle/servidor_minecraft/mods/effective_fg-1.3.4.jar
[27Apr2026 22:09:21.316] [main/DEBUG] [net.minecraftforge.fml.loading.moddiscovery.ModFileInfo/LOADING]: Found valid mod file effective_fg-1.3.4.jar with {effective_fg} mods - versions {1.3.4}
[27Apr2026 22:09:21.316] [main/DEBUG] [net.minecraftforge.fml.loading.moddiscovery.ModFile/LOADING]: Loading mod file /workspaces/improved-giggle/servidor_minecraft/mods/effective_fg-1.3.4.jar with languages [LanguageSpec[languageName=javafml, acceptedVersions=[38,)]]
[27Apr2026 22:09:21.316] [main/DEBUG] [net.minecraftforge.fml.loading.moddiscovery.ModFileParser/LOADING]: Considering mod file candidate /workspaces/improved-giggle/servidor_minecraft/mods/FarmersStructures-1.0.0-1.19.2.jar
[27Apr2026 22:09:21.316] [main/DEBUG] [net.minecraftforge.fml.loading.moddiscovery.ModFileInfo/LOADING]: Found valid mod file FarmersStructures-1.0.0-1.19.2.jar with {farmers_structures} mods - versions {1.0.0}
[27Apr2026 22:09:21.316] [main/DEBUG] [net.minecraftforge.fml.loading.moddiscovery.ModFile/LOADING]: Loading mod file /workspaces/improved-giggle/servidor_minecraft/mods/FarmersStructures-1.0.0-1.19.2.jar with languages [LanguageSpec[languageName=javafml, acceptedVersions=*]]
[27Apr2026 22:09:21.316] [main/DEBUG] [net.minecraftforge.fml.loading.moddiscovery.ModFileParser/LOADING]: Considering mod file candidate /workspaces/improved-giggle/servidor_minecraft/mods/fancymenu_forge_3.7.0_MC_1.19.2.jar
[27Apr2026 22:09:21.317] [main/DEBUG] [net.minecraftforge.fml.loading.moddiscovery.ModFileInfo/LOADING]: Found valid mod file fancymenu_forge_3.7.0_MC_1.19.2.jar with {fancymenu} mods - versions {3.7.0}
[27Apr2026 22:09:21.317] [main/DEBUG] [net.minecraftforge.fml.loading.moddiscovery.ModFile/LOADING]: Loading mod file /workspaces/improved-giggle/servidor_minecraft/mods/fancymenu_forge_3.7.0_MC_1.19.2.jar with languages [LanguageSpec[languageName=javafml, acceptedVersions=[43,)]]
[27Apr2026 22:09:21.317] [main/DEBUG] [net.minecraftforge.fml.loading.moddiscovery.ModFileParser/LOADING]: Considering mod file candidate /workspaces/improved-giggle/servidor_minecraft/mods/Beware-1.19.2-2.3.4.jar
[27Apr2026 22:09:21.318] [main/DEBUG] [net.minecraftforge.fml.loading.moddiscovery.ModFileInfo/LOADING]: Found valid mod file Beware-1.19.2-2.3.4.jar with {bwrtherain} mods - versions {2.3.4}
[27Apr2026 22:09:21.318] [main/DEBUG] [net.minecraftforge.fml.loading.moddiscovery.ModFile/LOADING]: Loading mod file /workspaces/improved-giggle/servidor_minecraft/mods/Beware-1.19.2-2.3.4.jar with languages [LanguageSpec[languageName=javafml, acceptedVersions=[43,)]]
[27Apr2026 22:09:21.318] [main/DEBUG] [net.minecraftforge.fml.loading.moddiscovery.ModFileParser/LOADING]: Considering mod file candidate /workspaces/improved-giggle/servidor_minecraft/mods/appleskin-forge-mc1.19-2.4.2.jar
[27Apr2026 22:09:21.318] [main/DEBUG] [net.minecraftforge.fml.loading.moddiscovery.ModFileInfo/LOADING]: Found valid mod file appleskin-forge-mc1.19-2.4.2.jar with {appleskin} mods - versions {2.4.2+mc1.19}
[27Apr2026 22:09:21.318] [main/DEBUG] [net.minecraftforge.fml.loading.moddiscovery.ModFile/LOADING]: Loading mod file /workspaces/improved-giggle/servidor_minecraft/mods/appleskin-forge-mc1.19-2.4.2.jar with languages [LanguageSpec[languageName=javafml, acceptedVersions=[41,)]]
[27Apr2026 22:09:21.318] [main/DEBUG] [net.minecraftforge.fml.loading.moddiscovery.ModFileParser/LOADING]: Considering mod file candidate /workspaces/improved-giggle/servidor_minecraft/mods/ferritecore-5.0.3-forge.jar
[27Apr2026 22:09:21.319] [main/DEBUG] [net.minecraftforge.fml.loading.moddiscovery.ModFileInfo/LOADING]: Found valid mod file ferritecore-5.0.3-forge.jar with {ferritecore} mods - versions {5.0.3}
[27Apr2026 22:09:21.319] [main/DEBUG] [net.minecraftforge.fml.loading.moddiscovery.ModFile/LOADING]: Loading mod file /workspaces/improved-giggle/servidor_minecraft/mods/ferritecore-5.0.3-forge.jar with languages [LanguageSpec[languageName=javafml, acceptedVersions=[28,)]]
[27Apr2026 22:09:21.319] [main/DEBUG] [net.minecraftforge.fml.loading.moddiscovery.ModFileParser/LOADING]: Considering mod file candidate /workspaces/improved-giggle/servidor_minecraft/mods/biomemusic-1.19.2-2.2.jar
[27Apr2026 22:09:21.319] [main/DEBUG] [net.minecraftforge.fml.loading.moddiscovery.ModFileInfo/LOADING]: Found valid mod file biomemusic-1.19.2-2.2.jar with {biomemusic} mods - versions {1.19.2-2.2}
[27Apr2026 22:09:21.320] [main/DEBUG] [net.minecraftforge.fml.loading.moddiscovery.ModFile/LOADING]: Loading mod file /workspaces/improved-giggle/servidor_minecraft/mods/biomemusic-1.19.2-2.2.jar with languages [LanguageSpec[languageName=javafml, acceptedVersions=[36,)]]
[27Apr2026 22:09:21.320] [main/DEBUG] [net.minecraftforge.fml.loading.moddiscovery.ModFileParser/LOADING]: Considering mod file candidate /workspaces/improved-giggle/servidor_minecraft/mods/PuzzlesLib-v4.4.3-1.19.2-Forge.jar
[27Apr2026 22:09:21.320] [main/DEBUG] [net.minecraftforge.fml.loading.moddiscovery.ModFileInfo/LOADING]: Found valid mod file PuzzlesLib-v4.4.3-1.19.2-Forge.jar with {puzzleslib} mods - versions {4.4.3}
[27Apr2026 22:09:21.320] [main/DEBUG] [net.minecraftforge.fml.loading.moddiscovery.ModFile/LOADING]: Loading mod file /workspaces/improved-giggle/servidor_minecraft/mods/PuzzlesLib-v4.4.3-1.19.2-Forge.jar with languages [LanguageSpec[languageName=javafml, acceptedVersions=[43,)]]
[27Apr2026 22:09:21.320] [main/DEBUG] [net.minecraftforge.fml.loading.moddiscovery.ModFileParser/LOADING]: Considering mod file candidate /workspaces/improved-giggle/servidor_minecraft/mods/Feather-To-String 1.19.2.jar
[27Apr2026 22:09:21.321] [main/DEBUG] [net.minecraftforge.fml.loading.moddiscovery.ModFileInfo/LOADING]: Found valid mod file Feather-To-String 1.19.2.jar with {feathertostring} mods - versions {1.0.0}
[27Apr2026 22:09:21.321] [main/DEBUG] [net.minecraftforge.fml.loading.moddiscovery.ModFile/LOADING]: Loading mod file /workspaces/improved-giggle/servidor_minecraft/mods/Feather-To-String 1.19.2.jar with languages [LanguageSpec[languageName=javafml, acceptedVersions=[43,)]]
[27Apr2026 22:09:21.321] [main/DEBUG] [net.minecraftforge.fml.loading.moddiscovery.ModFileParser/LOADING]: Considering mod file candidate /workspaces/improved-giggle/servidor_minecraft/mods/the_masked-5.2.0-1.19.2.jar
[27Apr2026 22:09:21.321] [main/DEBUG] [net.minecraftforge.fml.loading.moddiscovery.ModFileInfo/LOADING]: Found valid mod file the_masked-5.2.0-1.19.2.jar with {the_masked} mods - versions {5.2.0}
[27Apr2026 22:09:21.321] [main/DEBUG] [net.minecraftforge.fml.loading.moddiscovery.ModFile/LOADING]: Loading mod file /workspaces/improved-giggle/servidor_minecraft/mods/the_masked-5.2.0-1.19.2.jar with languages [LanguageSpec[languageName=javafml, acceptedVersions=[43,)]]
[27Apr2026 22:09:21.321] [main/DEBUG] [net.minecraftforge.fml.loading.moddiscovery.ModFileParser/LOADING]: Considering mod file candidate /workspaces/improved-giggle/servidor_minecraft/mods/smoothswapping-0.9.2-1.19.2-forge.jar
[27Apr2026 22:09:21.322] [main/DEBUG] [net.minecraftforge.fml.loading.moddiscovery.ModFileInfo/LOADING]: Found valid mod file smoothswapping-0.9.2-1.19.2-forge.jar with {smoothswapping} mods - versions {0.9.2}
[27Apr2026 22:09:21.322] [main/DEBUG] [net.minecraftforge.fml.loading.moddiscovery.ModFile/LOADING]: Loading mod file /workspaces/improved-giggle/servidor_minecraft/mods/smoothswapping-0.9.2-1.19.2-forge.jar with languages [LanguageSpec[languageName=javafml, acceptedVersions=[43,)]]
[27Apr2026 22:09:21.322] [main/DEBUG] [net.minecraftforge.fml.loading.moddiscovery.ModFileParser/LOADING]: Considering mod file candidate /workspaces/improved-giggle/servidor_minecraft/mods/the_knocker-1.4.0c-forge-1.19.2.jar
[27Apr2026 22:09:21.322] [main/DEBUG] [net.minecraftforge.fml.loading.moddiscovery.ModFileInfo/LOADING]: Found valid mod file the_knocker-1.4.0c-forge-1.19.2.jar with {the_knocker} mods - versions {1.4.0}
[27Apr2026 22:09:21.322] [main/DEBUG] [net.minecraftforge.fml.loading.moddiscovery.ModFile/LOADING]: Loading mod file /workspaces/improved-giggle/servidor_minecraft/mods/the_knocker-1.4.0c-forge-1.19.2.jar with languages [LanguageSpec[languageName=javafml, acceptedVersions=[43,)]]
[27Apr2026 22:09:21.322] [main/DEBUG] [net.minecraftforge.fml.loading.moddiscovery.ModFileParser/LOADING]: Considering mod file candidate /workspaces/improved-giggle/servidor_minecraft/mods/defaultoptions-forge-1.19-15.0.2.jar
[27Apr2026 22:09:21.323] [main/DEBUG] [net.minecraftforge.fml.loading.moddiscovery.ModFileInfo/LOADING]: Found valid mod file defaultoptions-forge-1.19-15.0.2.jar with {defaultoptions} mods - versions {15.0.2}
[27Apr2026 22:09:21.323] [main/DEBUG] [net.minecraftforge.fml.loading.moddiscovery.ModFile/LOADING]: Loading mod file /workspaces/improved-giggle/servidor_minecraft/mods/defaultoptions-forge-1.19-15.0.2.jar with languages [LanguageSpec[languageName=javafml, acceptedVersions=[41,)]]
[27Apr2026 22:09:21.323] [main/DEBUG] [net.minecraftforge.fml.loading.moddiscovery.ModFileParser/LOADING]: Considering mod file candidate /workspaces/improved-giggle/servidor_minecraft/mods/PresenceFootsteps-1.19.2-1.6.4.1-forge.jar
[27Apr2026 22:09:21.323] [main/DEBUG] [net.minecraftforge.fml.loading.moddiscovery.ModFileInfo/LOADING]: Found valid mod file PresenceFootsteps-1.19.2-1.6.4.1-forge.jar with {presencefootsteps} mods - versions {1.19.2-1.6.4.1}
[27Apr2026 22:09:21.323] [main/DEBUG] [net.minecraftforge.fml.loading.moddiscovery.ModFile/LOADING]: Loading mod file /workspaces/improved-giggle/servidor_minecraft/mods/PresenceFootsteps-1.19.2-1.6.4.1-forge.jar with languages [LanguageSpec[languageName=javafml, acceptedVersions=[43,)]]
[27Apr2026 22:09:21.323] [main/DEBUG] [net.minecraftforge.fml.loading.moddiscovery.ModFileParser/LOADING]: Considering mod file candidate 
[27Apr2026 22:09:21.324] [main/DEBUG] [net.minecraftforge.fml.loading.moddiscovery.ModFileInfo/LOADING]: Found valid mod file mixinextras-forge-0.2.0-beta.6.jar with {mixinextras} mods - versions {0.2.0-beta.6}
[27Apr2026 22:09:21.324] [main/DEBUG] [net.minecraftforge.fml.loading.moddiscovery.ModFile/LOADING]: Loading mod file  with languages [LanguageSpec[languageName=javafml, acceptedVersions=*]]
[27Apr2026 22:09:21.324] [main/DEBUG] [net.minecraftforge.fml.loading.moddiscovery.ModFile/LOADING]: Loading mod file  with languages []
[27Apr2026 22:09:21.324] [main/DEBUG] [net.minecraftforge.fml.loading.moddiscovery.ModFile/LOADING]: Loading mod file  with languages []
[27Apr2026 22:09:21.324] [main/DEBUG] [net.minecraftforge.fml.loading.moddiscovery.ModFile/LOADING]: Loading mod file  with languages []
[27Apr2026 22:09:21.324] [main/DEBUG] [net.minecraftforge.fml.loading.moddiscovery.ModFile/LOADING]: Loading mod file  with languages []
[27Apr2026 22:09:21.324] [main/DEBUG] [net.minecraftforge.fml.loading.moddiscovery.ModFile/LOADING]: Loading mod file  with languages []
[27Apr2026 22:09:21.324] [main/DEBUG] [net.minecraftforge.fml.loading.moddiscovery.ModFile/LOADING]: Loading mod file  with languages []
[27Apr2026 22:09:21.324] [main/DEBUG] [net.minecraftforge.fml.loading.moddiscovery.ModFileParser/LOADING]: Considering mod file candidate 
[27Apr2026 22:09:21.324] [main/DEBUG] [net.minecraftforge.fml.loading.moddiscovery.ModFileInfo/LOADING]: Found valid mod file mixinsquared-forge-0.3.3.jar with {mixinsquared} mods - versions {0.3.3}
[27Apr2026 22:09:21.325] [main/DEBUG] [net.minecraftforge.fml.loading.moddiscovery.ModFile/LOADING]: Loading mod file  with languages [LanguageSpec[languageName=javafml, acceptedVersions=*]]
[27Apr2026 22:09:21.325] [main/DEBUG] [net.minecraftforge.fml.loading.moddiscovery.ModFile/LOADING]: Loading mod file  with languages []
[27Apr2026 22:09:21.325] [main/DEBUG] [net.minecraftforge.fml.loading.moddiscovery.ModFile/LOADING]: Loading mod file  with languages []
[27Apr2026 22:09:21.325] [main/DEBUG] [net.minecraftforge.fml.loading.moddiscovery.ModFile/LOADING]: Loading mod file  with languages []
[27Apr2026 22:09:21.325] [main/DEBUG] [net.minecraftforge.fml.loading.moddiscovery.ModFile/LOADING]: Loading mod file  with languages []
[27Apr2026 22:09:21.325] [main/DEBUG] [net.minecraftforge.fml.loading.moddiscovery.ModFileParser/LOADING]: Considering mod file candidate 
[27Apr2026 22:09:21.325] [main/DEBUG] [net.minecraftforge.fml.loading.moddiscovery.ModFileInfo/LOADING]: Found valid mod file mixinextras-forge-0.2.0-beta.6.jar with {mixinextras} mods - versions {0.2.0-beta.6}
[27Apr2026 22:09:21.325] [main/DEBUG] [net.minecraftforge.fml.loading.moddiscovery.ModFile/LOADING]: Loading mod file  with languages [LanguageSpec[languageName=javafml, acceptedVersions=*]]
[27Apr2026 22:09:21.325] [main/DEBUG] [net.minecraftforge.fml.loading.moddiscovery.ModFile/LOADING]: Loading mod file  with languages []
[27Apr2026 22:09:21.325] [main/DEBUG] [net.minecraftforge.fml.loading.moddiscovery.ModFile/LOADING]: Loading mod file  with languages []
[27Apr2026 22:09:21.325] [main/DEBUG] [net.minecraftforge.fml.loading.moddiscovery.ModFile/LOADING]: Loading mod file  with languages []
[27Apr2026 22:09:21.325] [main/DEBUG] [net.minecraftforge.fml.loading.moddiscovery.ModFile/LOADING]: Loading mod file  with languages []
[27Apr2026 22:09:21.325] [main/DEBUG] [net.minecraftforge.fml.loading.moddiscovery.ModFile/LOADING]: Loading mod file  with languages []
[27Apr2026 22:09:21.326] [main/DEBUG] [net.minecraftforge.fml.loading.moddiscovery.ModFile/LOADING]: Loading mod file  with languages []
[27Apr2026 22:09:21.326] [main/DEBUG] [net.minecraftforge.fml.loading.moddiscovery.ModFileParser/LOADING]: Considering mod file candidate 
[27Apr2026 22:09:21.326] [main/DEBUG] [net.minecraftforge.fml.loading.moddiscovery.ModFileInfo/LOADING]: Found valid mod file mixinsquared-forge-0.3.3.jar with {mixinsquared} mods - versions {0.3.3}
[27Apr2026 22:09:21.326] [main/DEBUG] [net.minecraftforge.fml.loading.moddiscovery.ModFile/LOADING]: Loading mod file  with languages [LanguageSpec[languageName=javafml, acceptedVersions=*]]
[27Apr2026 22:09:21.326] [main/DEBUG] [net.minecraftforge.fml.loading.moddiscovery.ModFile/LOADING]: Loading mod file  with languages []
[27Apr2026 22:09:21.326] [main/DEBUG] [net.minecraftforge.fml.loading.moddiscovery.ModFile/LOADING]: Loading mod file  with languages []
[27Apr2026 22:09:21.326] [main/DEBUG] [net.minecraftforge.fml.loading.moddiscovery.ModFile/LOADING]: Loading mod file  with languages []
[27Apr2026 22:09:21.326] [main/DEBUG] [net.minecraftforge.fml.loading.moddiscovery.ModFile/LOADING]: Loading mod file  with languages []
[27Apr2026 22:09:21.327] [main/DEBUG] [cpw.mods.modlauncher.TransformationServiceDecorator/MODLAUNCHER]: End scan trigger - transformation service fml
[27Apr2026 22:09:21.337] [main/DEBUG] [net.minecraftforge.fml.loading.LanguageLoadingProvider/CORE]: Found 3 language providers
[27Apr2026 22:09:21.337] [main/DEBUG] [net.minecraftforge.fml.loading.LanguageLoadingProvider/CORE]: Found language provider minecraft, version 1.0
[27Apr2026 22:09:21.338] [main/DEBUG] [net.minecraftforge.fml.loading.LanguageLoadingProvider/CORE]: Found language provider lowcodefml, version 47
[27Apr2026 22:09:21.338] [main/DEBUG] [net.minecraftforge.fml.loading.LanguageLoadingProvider/CORE]: Found language provider javafml, version 47
[27Apr2026 22:09:21.342] [main/DEBUG] [net.minecraftforge.fml.loading.UniqueModListBuilder/]: Found 2 mods for first modid mixinextras, selecting most recent based on version data
[27Apr2026 22:09:21.342] [main/DEBUG] [net.minecraftforge.fml.loading.UniqueModListBuilder/]: Selected file mixinextras-forge-0.2.0-beta.6.jar for modid mixinextras with version 0.2.0-beta.6
[27Apr2026 22:09:21.342] [main/DEBUG] [net.minecraftforge.fml.loading.UniqueModListBuilder/]: Found 2 mods for first modid luaj.jse.figura, selecting most recent based on version data
[27Apr2026 22:09:21.343] [main/DEBUG] [net.minecraftforge.fml.loading.UniqueModListBuilder/]: Selected file luaj-jse-3.0.8-figura.jar for modid luaj.jse.figura with version 0.0NONE
[27Apr2026 22:09:21.343] [main/DEBUG] [net.minecraftforge.fml.loading.UniqueModListBuilder/]: Found 2 mods for first modid com.madgag.gif.fmsware, selecting most recent based on version data
[27Apr2026 22:09:21.343] [main/DEBUG] [net.minecraftforge.fml.loading.UniqueModListBuilder/]: Selected file animated-gif-lib-for-java-animated-gif-lib-1.7.jar for modid com.madgag.gif.fmsware with version 0.0NONE
[27Apr2026 22:09:21.343] [main/DEBUG] [net.minecraftforge.fml.loading.UniqueModListBuilder/]: Found 2 mods for first modid commons.math3, selecting most recent based on version data
[27Apr2026 22:09:21.343] [main/DEBUG] [net.minecraftforge.fml.loading.UniqueModListBuilder/]: Selected file commons-math3-3.6.1.jar for modid commons.math3 with version 3.6.1
[27Apr2026 22:09:21.343] [main/DEBUG] [net.minecraftforge.fml.loading.UniqueModListBuilder/]: Found 2 mods for first modid japng, selecting most recent based on version data
[27Apr2026 22:09:21.343] [main/DEBUG] [net.minecraftforge.fml.loading.UniqueModListBuilder/]: Selected file japng-0.5.3.jar for modid japng with version 0.5.3
[27Apr2026 22:09:21.343] [main/DEBUG] [net.minecraftforge.fml.loading.UniqueModListBuilder/]: Found 2 mods for first modid luaj.core.figura, selecting most recent based on version data
[27Apr2026 22:09:21.343] [main/DEBUG] [net.minecraftforge.fml.loading.UniqueModListBuilder/]: Selected file luaj-core-3.0.8-figura.jar for modid luaj.core.figura with version 0.0NONE
[27Apr2026 22:09:21.343] [main/DEBUG] [net.minecraftforge.fml.loading.UniqueModListBuilder/]: Found 2 mods for first modid org.joml, selecting most recent based on version data
[27Apr2026 22:09:21.343] [main/DEBUG] [net.minecraftforge.fml.loading.UniqueModListBuilder/]: Selected file joml-1.10.8.jar for modid org.joml with version 1.10.8
[27Apr2026 22:09:21.343] [main/DEBUG] [net.minecraftforge.fml.loading.UniqueModListBuilder/]: Found 2 mods for first modid mixinsquared, selecting most recent based on version data
[27Apr2026 22:09:21.343] [main/DEBUG] [net.minecraftforge.fml.loading.UniqueModListBuilder/]: Selected file mixinsquared-forge-0.3.3.jar for modid mixinsquared with version 0.3.3
[27Apr2026 22:09:21.343] [main/DEBUG] [net.minecraftforge.fml.loading.UniqueModListBuilder/]: Found 2 mods for first modid org.apache.bcel, selecting most recent based on version data
[27Apr2026 22:09:21.343] [main/DEBUG] [net.minecraftforge.fml.loading.UniqueModListBuilder/]: Selected file bcel-6.6.1.jar for modid org.apache.bcel with version 6.6.1
[27Apr2026 22:09:21.343] [main/DEBUG] [net.minecraftforge.fml.loading.UniqueModListBuilder/]: Found 2 mods for first modid MixinSquared, selecting most recent based on version data
[27Apr2026 22:09:21.343] [main/DEBUG] [net.minecraftforge.fml.loading.UniqueModListBuilder/]: Selected file MixinSquared-0.3.3.jar for modid MixinSquared with version 0.0NONE
[27Apr2026 22:09:21.343] [main/DEBUG] [net.minecraftforge.fml.loading.UniqueModListBuilder/]: Found 2 mods for first modid org.apache.httpcomponents.httpmime, selecting most recent based on version data
[27Apr2026 22:09:21.343] [main/DEBUG] [net.minecraftforge.fml.loading.UniqueModListBuilder/]: Selected file httpmime-4.5.10.jar for modid org.apache.httpcomponents.httpmime with version 4.5.10
[27Apr2026 22:09:21.343] [main/DEBUG] [net.minecraftforge.fml.loading.UniqueModListBuilder/]: Found 2 mods for first modid MixinExtras, selecting most recent based on version data
[27Apr2026 22:09:21.343] [main/DEBUG] [net.minecraftforge.fml.loading.UniqueModListBuilder/]: Selected file MixinExtras-0.4.1.jar for modid MixinExtras with version 0.0NONE
[27Apr2026 22:09:21.345] [main/DEBUG] [net.minecraftforge.fml.loading.ModSorter/]: Configured system mods: [minecraft, forge]
[27Apr2026 22:09:21.345] [main/DEBUG] [net.minecraftforge.fml.loading.ModSorter/]: Found system mod: minecraft
[27Apr2026 22:09:21.345] [main/DEBUG] [net.minecraftforge.fml.loading.ModSorter/]: Found system mod: forge
[27Apr2026 22:09:21.348] [main/DEBUG] [net.minecraftforge.fml.loading.ModSorter/LOADING]: Found 220 mod requirements (190 mandatory, 30 optional)
[27Apr2026 22:09:21.349] [main/DEBUG] [net.minecraftforge.fml.loading.ModSorter/LOADING]: Found 67 mod requirements missing (67 mandatory, 0 optional)
[27Apr2026 22:09:21.352] [main/ERROR] [net.minecraftforge.fml.loading.ModSorter/LOADING]: Missing or unsupported mandatory dependencies:
	Mod ID: 'minecraft', Requested by: 'itemphysic', Expected range: '[1.19.2,1.19.3)', Actual version: '1.20.1'
	Mod ID: 'minecraft', Requested by: 'crafttweaker', Expected range: '[1.19,1.20)', Actual version: '1.20.1'
	Mod ID: 'minecraft', Requested by: 'easysaplings', Expected range: '[1.19.2,1.19.2]', Actual version: '1.20.1'
	Mod ID: 'minecraft', Requested by: 'rocks', Expected range: '[1.19,1.20)', Actual version: '1.20.1'
	Mod ID: 'minecraft', Requested by: 'cave_dweller', Expected range: '[1.19.2,1.20)', Actual version: '1.20.1'
	Mod ID: 'minecraft', Requested by: 'visualworkbench', Expected range: '[1.19.1,1.20)', Actual version: '1.20.1'
	Mod ID: 'minecraft', Requested by: 'parcool', Expected range: '[1.19.2,1.20)', Actual version: '1.20.1'
	Mod ID: 'minecraft', Requested by: 'saturn', Expected range: '[1.19.2,1.20)', Actual version: '1.20.1'
	Mod ID: 'minecraft', Requested by: 'signal_flares', Expected range: '[1.19.2,1.19.2]', Actual version: '1.20.1'
	Mod ID: 'minecraft', Requested by: 'v_slab_compat', Expected range: '[1.19.2,1.20)', Actual version: '1.20.1'
	Mod ID: 'minecraft', Requested by: 'arrens_lookout_towers', Expected range: '[1.19.2,1.19.2]', Actual version: '1.20.1'
	Mod ID: 'minecraft', Requested by: 'auditory', Expected range: '[1.19.2,1.20)', Actual version: '1.20.1'
	Mod ID: 'minecraft', Requested by: 'whos_there', Expected range: '[1.19.2,1.19.2]', Actual version: '1.20.1'
	Mod ID: 'minecraft', Requested by: 'smoothboot', Expected range: '[1.19.2,1.20)', Actual version: '1.20.1'
	Mod ID: 'minecraft', Requested by: 'iceberg', Expected range: '[1.19,1.19.2]', Actual version: '1.20.1'
	Mod ID: 'minecraft', Requested by: 'the_knocker', Expected range: '[1.19.2,1.19.2]', Actual version: '1.20.1'
	Mod ID: 'minecraft', Requested by: 'obsidianui', Expected range: '[1.19,1.19.2]', Actual version: '1.20.1'
	Mod ID: 'minecraft', Requested by: 'puzzleslib', Expected range: '[1.19.2,1.19.2]', Actual version: '1.20.1'
	Mod ID: 'minecraft', Requested by: 'enhancedvisuals', Expected range: '[1.19.2,1.19.3)', Actual version: '1.20.1'
	Mod ID: 'minecraft', Requested by: 'starterkit', Expected range: '[1.19.2,1.19.2]', Actual version: '1.20.1'
	Mod ID: 'minecraft', Requested by: 'bettermineshafts', Expected range: '[1.19.2,1.20)', Actual version: '1.20.1'
	Mod ID: 'minecraft', Requested by: 'ambientsounds', Expected range: '[1.19.2,1.19.3)', Actual version: '1.20.1'
	Mod ID: 'minecraft', Requested by: 'you_died', Expected range: '[1.19,1.20)', Actual version: '1.20.1'
	Mod ID: 'minecraft', Requested by: 'bwrtherain', Expected range: '[1.19.2,1.19.2]', Actual version: '1.20.1'
	Mod ID: 'minecraft', Requested by: 'collective', Expected range: '[1.19.2,1.19.2]', Actual version: '1.20.1'
	Mod ID: 'minecraft', Requested by: 'ferritecore', Expected range: '[1.19,1.20)', Actual version: '1.20.1'
	Mod ID: 'minecraft', Requested by: 'modernfix', Expected range: '[1.19.1,1.19.2]', Actual version: '1.20.1'
	Mod ID: 'minecraft', Requested by: 'realmrpg_skeletons', Expected range: '[1.19.2,1.19.2]', Actual version: '1.20.1'
	Mod ID: 'minecraft', Requested by: 'geckolib3', Expected range: '[1.19,1.20)', Actual version: '1.20.1'
	Mod ID: 'minecraft', Requested by: 'additionalstructures', Expected range: '[1.19,1.20)', Actual version: '1.20.1'
	Mod ID: 'minecraft', Requested by: 'leatherfromrottenflesh', Expected range: '[1.19.2,1.19.2]', Actual version: '1.20.1'
	Mod ID: 'minecraft', Requested by: 'carryon', Expected range: '[1.19.2,1.20)', Actual version: '1.20.1'
	Mod ID: 'minecraft', Requested by: 'defaultoptions', Expected range: '[1.19,1.20)', Actual version: '1.20.1'
	Mod ID: 'minecraft', Requested by: 'feathertostring', Expected range: '[1.19.2,1.19.2]', Actual version: '1.20.1'
	Mod ID: 'minecraft', Requested by: 'rmh', Expected range: '[1.19.2,1.20)', Actual version: '1.20.1'
	Mod ID: 'minecraft', Requested by: 'craftable_slimeball', Expected range: '[1.19.2,1.19.2]', Actual version: '1.20.1'
	Mod ID: 'minecraft', Requested by: 'culllessleaves', Expected range: '[1.19.2,1.20)', Actual version: '1.20.1'
	Mod ID: 'minecraft', Requested by: 'bloodbits', Expected range: '[1.19.2,1.19.2]', Actual version: '1.20.1'
	Mod ID: 'minecraft', Requested by: 'anomaly_rephased', Expected range: '[1.19.2,1.19.2]', Actual version: '1.20.1'
	Mod ID: 'minecraft', Requested by: 'jei', Expected range: '[1.19,1.19.2]', Actual version: '1.20.1'
	Mod ID: 'minecraft', Requested by: 'biomemusic', Expected range: '[1.19,1.20)', Actual version: '1.20.1'
	Mod ID: 'minecraft', Requested by: 'thirst', Expected range: '[1.19.2,1.20)', Actual version: '1.20.1'
	Mod ID: 'minecraft', Requested by: 'okzoomer', Expected range: '[1.19,1.20)', Actual version: '1.20.1'
	Mod ID: 'minecraft', Requested by: 'voicechat', Expected range: '[1.19.2,1.19.2]', Actual version: '1.20.1'
	Mod ID: 'minecraft', Requested by: 'flintfromgravel', Expected range: '[1.19.2,1.19.2]', Actual version: '1.20.1'
	Mod ID: 'minecraft', Requested by: 'sound_physics_remastered', Expected range: '[1.19.2,1.19.2]', Actual version: '1.20.1'
	Mod ID: 'minecraft', Requested by: 'betterdungeons', Expected range: '[1.19.2,1.20)', Actual version: '1.20.1'
	Mod ID: 'minecraft', Requested by: 'corpse', Expected range: '[1.19.2,1.19.2]', Actual version: '1.20.1'
	Mod ID: 'minecraft', Requested by: 'assimilator', Expected range: '[1.19.2,1.20)', Actual version: '1.20.1'
	Mod ID: 'minecraft', Requested by: 'smoothswapping', Expected range: '[1.19.2,1.19.2]', Actual version: '1.20.1'
	Mod ID: 'minecraft', Requested by: 'tacz', Expected range: '[1.19,1.19.3)', Actual version: '1.20.1'
	Mod ID: 'minecraft', Requested by: 'parcool_compat_addon', Expected range: '[1.19.2,1.20)', Actual version: '1.20.1'
	Mod ID: 'minecraft', Requested by: 'creativecore', Expected range: '[1.19.2,1.19.3)', Actual version: '1.20.1'
	Mod ID: 'minecraft', Requested by: 'configured', Expected range: '[1.19.2,1.20)', Actual version: '1.20.1'
	Mod ID: 'minecraft', Requested by: 'structory', Expected range: '[1.19,1.20)', Actual version: '1.20.1'
	Mod ID: 'minecraft', Requested by: 'betterfpsdist', Expected range: '[1.19,1.20)', Actual version: '1.20.1'
	Mod ID: 'minecraft', Requested by: 'the_masked', Expected range: '[1.19.2,1.19.2]', Actual version: '1.20.1'
	Mod ID: 'minecraft', Requested by: 'rep', Expected range: '[1.19.2,1.20)', Actual version: '1.20.1'
	Mod ID: 'minecraft', Requested by: 'thestairwell', Expected range: '[1.19.2,1.19.2]', Actual version: '1.20.1'
	Mod ID: 'minecraft', Requested by: 'farmersdelight', Expected range: '[1.19,1.20)', Actual version: '1.20.1'
	Mod ID: 'minecraft', Requested by: 'the_one_who_watches', Expected range: '[1.19.2,1.19.2]', Actual version: '1.20.1'
	Mod ID: 'minecraft', Requested by: 'legendarytooltips', Expected range: '[1.19,1.19.2]', Actual version: '1.20.1'
	Mod ID: 'minecraft', Requested by: 'increasemobcap', Expected range: '[1.19.2,1.20)', Actual version: '1.20.1'
	Mod ID: 'minecraft', Requested by: 'balm', Expected range: '[1.19,1.20)', Actual version: '1.20.1'
	Mod ID: 'minecraft', Requested by: 'spelunkery', Expected range: '[1.19.2,1.20)', Actual version: '1.20.1'
	Mod ID: 'minecraft', Requested by: 'man', Expected range: '[1.19.2,1.19.2]', Actual version: '1.20.1'
	Mod ID: 'minecraft', Requested by: 'fallingtree', Expected range: '[1.19.2,1.19.2]', Actual version: '1.20.1'
[27Apr2026 22:09:21.813] [main/DEBUG] [cpw.mods.modlauncher.TransformationServicesHandler/MODLAUNCHER]: Transformation services loading transformers
[27Apr2026 22:09:21.814] [main/DEBUG] [cpw.mods.modlauncher.TransformationServiceDecorator/MODLAUNCHER]: Initializing transformers for transformation service mixin
[27Apr2026 22:09:21.814] [main/DEBUG] [cpw.mods.modlauncher.TransformationServiceDecorator/MODLAUNCHER]: Initialized transformers for transformation service mixin
[27Apr2026 22:09:21.814] [main/DEBUG] [cpw.mods.modlauncher.TransformationServiceDecorator/MODLAUNCHER]: Initializing transformers for transformation service fml
[27Apr2026 22:09:21.814] [main/DEBUG] [net.minecraftforge.fml.loading.FMLServiceProvider/CORE]: Loading coremod transformers
[27Apr2026 22:09:21.814] [main/DEBUG] [net.minecraftforge.coremod.CoreModEngine/COREMOD]: Loading CoreMod from coremods/field_to_method.js
[27Apr2026 22:09:22.026] [main/DEBUG] [net.minecraftforge.coremod.CoreModEngine/COREMOD]: CoreMod loaded successfully
[27Apr2026 22:09:22.026] [main/DEBUG] [net.minecraftforge.coremod.CoreModEngine/COREMOD]: Loading CoreMod from coremods/field_to_instanceof.js
[27Apr2026 22:09:22.146] [main/DEBUG] [net.minecraftforge.coremod.CoreModEngine/COREMOD]: CoreMod loaded successfully
[27Apr2026 22:09:22.146] [main/DEBUG] [net.minecraftforge.coremod.CoreModEngine/COREMOD]: Loading CoreMod from coremods/add_bouncer_method.js
[27Apr2026 22:09:22.222] [main/DEBUG] [net.minecraftforge.coremod.CoreModEngine/COREMOD]: CoreMod loaded successfully
[27Apr2026 22:09:22.223] [main/DEBUG] [net.minecraftforge.coremod.CoreModEngine/COREMOD]: Loading CoreMod from coremods/method_redirector.js
[27Apr2026 22:09:22.339] [main/DEBUG] [net.minecraftforge.coremod.CoreModEngine/COREMOD]: CoreMod loaded successfully
[27Apr2026 22:09:22.359] [main/DEBUG] [cpw.mods.modlauncher.TransformStore/MODLAUNCHER]: Adding transformer net.minecraftforge.coremod.transformer.CoreModClassTransformer@3cc30dee to Target : CLASS {Lnet/minecraft/world/level/biome/Biome;} {} {V}
[27Apr2026 22:09:22.359] [main/DEBUG] [cpw.mods.modlauncher.TransformStore/MODLAUNCHER]: Adding transformer net.minecraftforge.coremod.transformer.CoreModClassTransformer@e829999 to Target : CLASS {Lnet/minecraft/world/level/levelgen/structure/Structure;} {} {V}
[27Apr2026 22:09:22.359] [main/DEBUG] [cpw.mods.modlauncher.TransformStore/MODLAUNCHER]: Adding transformer net.minecraftforge.coremod.transformer.CoreModClassTransformer@66fb45e5 to Target : CLASS {Lnet/minecraft/world/effect/MobEffectInstance;} {} {V}
[27Apr2026 22:09:22.359] [main/DEBUG] [cpw.mods.modlauncher.TransformStore/MODLAUNCHER]: Adding transformer net.minecraftforge.coremod.transformer.CoreModClassTransformer@6cbe68e9 to Target : CLASS {Lnet/minecraft/world/level/block/LiquidBlock;} {} {V}
[27Apr2026 22:09:22.360] [main/DEBUG] [cpw.mods.modlauncher.TransformStore/MODLAUNCHER]: Adding transformer net.minecraftforge.coremod.transformer.CoreModClassTransformer@6f5e16cf to Target : CLASS {Lnet/minecraft/world/item/BucketItem;} {} {V}
[27Apr2026 22:09:22.360] [main/DEBUG] [cpw.mods.modlauncher.TransformStore/MODLAUNCHER]: Adding transformer net.minecraftforge.coremod.transformer.CoreModClassTransformer@750a04ec to Target : CLASS {Lnet/minecraft/world/level/block/StairBlock;} {} {V}
[27Apr2026 22:09:22.360] [main/DEBUG] [cpw.mods.modlauncher.TransformStore/MODLAUNCHER]: Adding transformer net.minecraftforge.coremod.transformer.CoreModClassTransformer@49e2b3c5 to Target : CLASS {Lnet/minecraft/world/level/block/FlowerPotBlock;} {} {V}
[27Apr2026 22:09:22.360] [main/DEBUG] [cpw.mods.modlauncher.TransformStore/MODLAUNCHER]: Adding transformer net.minecraftforge.coremod.transformer.CoreModClassTransformer@56846330 to Target : CLASS {Lnet/minecraft/world/item/ItemStack;} {} {V}
[27Apr2026 22:09:22.360] [main/DEBUG] [cpw.mods.modlauncher.TransformStore/MODLAUNCHER]: Adding transformer net.minecraftforge.coremod.transformer.CoreModClassTransformer@49f3ff41 to Target : CLASS {Lnet/minecraft/network/play/client/CClientSettingsPacket;} {} {V}
[27Apr2026 22:09:22.363] [main/DEBUG] [cpw.mods.modlauncher.TransformStore/MODLAUNCHER]: Adding transformer net.minecraftforge.coremod.transformer.CoreModClassTransformer@6cfbbff7 to Target : CLASS {Lnet/minecraft/server/commands/RaidCommand;} {} {V}
[27Apr2026 22:09:22.363] [main/DEBUG] [cpw.mods.modlauncher.TransformStore/MODLAUNCHER]: Adding transformer net.minecraftforge.coremod.transformer.CoreModClassTransformer@6cfbbff7 to Target : CLASS {Lnet/minecraft/world/level/levelgen/PatrolSpawner;} {} {V}
[27Apr2026 22:09:22.363] [main/DEBUG] [cpw.mods.modlauncher.TransformStore/MODLAUNCHER]: Adding transformer net.minecraftforge.coremod.transformer.CoreModClassTransformer@6cfbbff7 to Target : CLASS {Lnet/minecraft/world/entity/monster/ZombieVillager;} {} {V}
[27Apr2026 22:09:22.363] [main/DEBUG] [cpw.mods.modlauncher.TransformStore/MODLAUNCHER]: Adding transformer net.minecraftforge.coremod.transformer.CoreModClassTransformer@6cfbbff7 to Target : CLASS {Lnet/minecraft/world/entity/EntityType;} {} {V}
[27Apr2026 22:09:22.363] [main/DEBUG] [cpw.mods.modlauncher.TransformStore/MODLAUNCHER]: Adding transformer net.minecraftforge.coremod.transformer.CoreModClassTransformer@6cfbbff7 to Target : CLASS {Lnet/minecraft/world/level/levelgen/structure/templatesystem/StructureTemplate;} {} {V}
[27Apr2026 22:09:22.364] [main/DEBUG] [cpw.mods.modlauncher.TransformStore/MODLAUNCHER]: Adding transformer net.minecraftforge.coremod.transformer.CoreModClassTransformer@6cfbbff7 to Target : CLASS {Lnet/minecraft/world/entity/raid/Raid;} {} {V}
[27Apr2026 22:09:22.364] [main/DEBUG] [cpw.mods.modlauncher.TransformStore/MODLAUNCHER]: Adding transformer net.minecraftforge.coremod.transformer.CoreModClassTransformer@6cfbbff7 to Target : CLASS {Lnet/minecraft/world/entity/monster/Evoker$EvokerSummonSpellGoal;} {} {V}
[27Apr2026 22:09:22.364] [main/DEBUG] [cpw.mods.modlauncher.TransformStore/MODLAUNCHER]: Adding transformer net.minecraftforge.coremod.transformer.CoreModClassTransformer@6cfbbff7 to Target : CLASS {Lnet/minecraft/server/commands/SummonCommand;} {} {V}
[27Apr2026 22:09:22.364] [main/DEBUG] [cpw.mods.modlauncher.TransformStore/MODLAUNCHER]: Adding transformer net.minecraftforge.coremod.transformer.CoreModClassTransformer@6cfbbff7 to Target : CLASS {Lnet/minecraft/world/level/levelgen/PhantomSpawner;} {} {V}
[27Apr2026 22:09:22.364] [main/DEBUG] [cpw.mods.modlauncher.TransformStore/MODLAUNCHER]: Adding transformer net.minecraftforge.coremod.transformer.CoreModClassTransformer@6cfbbff7 to Target : CLASS {Lnet/minecraft/world/entity/monster/Spider;} {} {V}
[27Apr2026 22:09:22.364] [main/DEBUG] [cpw.mods.modlauncher.TransformStore/MODLAUNCHER]: Adding transformer net.minecraftforge.coremod.transformer.CoreModClassTransformer@6cfbbff7 to Target : CLASS {Lnet/minecraft/world/level/levelgen/structure/structures/WoodlandMansionPieces$WoodlandMansionPiece;} {} {V}
[27Apr2026 22:09:22.364] [main/DEBUG] [cpw.mods.modlauncher.TransformStore/MODLAUNCHER]: Adding transformer net.minecraftforge.coremod.transformer.CoreModClassTransformer@6cfbbff7 to Target : CLASS {Lnet/minecraft/world/entity/npc/Villager;} {} {V}
[27Apr2026 22:09:22.364] [main/DEBUG] [cpw.mods.modlauncher.TransformStore/MODLAUNCHER]: Adding transformer net.minecraftforge.coremod.transformer.CoreModClassTransformer@6cfbbff7 to Target : CLASS {Lnet/minecraft/world/entity/monster/Zombie;} {} {V}
[27Apr2026 22:09:22.364] [main/DEBUG] [cpw.mods.modlauncher.TransformStore/MODLAUNCHER]: Adding transformer net.minecraftforge.coremod.transformer.CoreModClassTransformer@6cfbbff7 to Target : CLASS {Lnet/minecraft/world/level/levelgen/structure/structures/OceanRuinPieces$OceanRuinPiece;} {} {V}
[27Apr2026 22:09:22.364] [main/DEBUG] [cpw.mods.modlauncher.TransformStore/MODLAUNCHER]: Adding transformer net.minecraftforge.coremod.transformer.CoreModClassTransformer@6cfbbff7 to Target : CLASS {Lnet/minecraft/world/entity/animal/horse/SkeletonTrapGoal;} {} {V}
[27Apr2026 22:09:22.364] [main/DEBUG] [cpw.mods.modlauncher.TransformStore/MODLAUNCHER]: Adding transformer net.minecraftforge.coremod.transformer.CoreModClassTransformer@6cfbbff7 to Target : CLASS {Lnet/minecraft/world/entity/animal/frog/Tadpole;} {} {V}
[27Apr2026 22:09:22.364] [main/DEBUG] [cpw.mods.modlauncher.TransformStore/MODLAUNCHER]: Adding transformer net.minecraftforge.coremod.transformer.CoreModClassTransformer@6cfbbff7 to Target : CLASS {Lnet/minecraft/world/entity/npc/CatSpawner;} {} {V}
[27Apr2026 22:09:22.364] [main/DEBUG] [cpw.mods.modlauncher.TransformStore/MODLAUNCHER]: Adding transformer net.minecraftforge.coremod.transformer.CoreModClassTransformer@6cfbbff7 to Target : CLASS {Lnet/minecraft/world/entity/ai/village/VillageSiege;} {} {V}
[27Apr2026 22:09:22.364] [main/DEBUG] [cpw.mods.modlauncher.TransformStore/MODLAUNCHER]: Adding transformer net.minecraftforge.coremod.transformer.CoreModClassTransformer@6cfbbff7 to Target : CLASS {Lnet/minecraft/world/level/levelgen/structure/structures/SwampHutPiece;} {} {V}
[27Apr2026 22:09:22.364] [main/DEBUG] [cpw.mods.modlauncher.TransformStore/MODLAUNCHER]: Adding transformer net.minecraftforge.coremod.transformer.CoreModClassTransformer@6cfbbff7 to Target : CLASS {Lnet/minecraft/world/entity/monster/Strider;} {} {V}
[27Apr2026 22:09:22.364] [main/DEBUG] [cpw.mods.modlauncher.TransformStore/MODLAUNCHER]: Adding transformer net.minecraftforge.coremod.transformer.CoreModClassTransformer@6cfbbff7 to Target : CLASS {Lnet/minecraft/world/level/levelgen/structure/structures/OceanMonumentPieces$OceanMonumentPiece;} {} {V}
[27Apr2026 22:09:22.364] [main/DEBUG] [cpw.mods.modlauncher.TransformStore/MODLAUNCHER]: Adding transformer net.minecraftforge.coremod.transformer.CoreModClassTransformer@6cfbbff7 to Target : CLASS {Lnet/minecraft/world/level/NaturalSpawner;} {} {V}
[27Apr2026 22:09:22.364] [main/DEBUG] [cpw.mods.modlauncher.TransformationServiceDecorator/MODLAUNCHER]: Initialized transformers for transformation service fml
